game_name,game_code,type,cost_price,tax,sale_price
Counter-Strike,pc,2,9.17,0.09,9.99
Day of Defeat,pc,2,4.58,0.09,4.99
Deathmatch Classic,pc,2,4.58,0.09,4.99
Ricochet,pc,2,4.58,0.09,4.99
Team Fortress 2,pc,2,0.0,0.09,0.0
Left 4 Dead,pc,2,18.34,0.09,19.99
Left 4 Dead 2,pc,2,18.34,0.09,19.99
Dota 2,pc,2,0.0,0.09,0.0
Alien Swarm,pc,2,0.0,0.09,0.0
Rag Doll Kung Fu,pc,2,9.17,0.09,9.99
Killing Floor,pc,2,18.34,0.09,19.99
DEFCON,pc,2,9.17,0.09,9.99
Multiwinia,pc,2,9.17,0.09,9.99
Dangerous Waters,pc,2,13.75,0.09,14.99
Space Empires V,pc,2,13.75,0.09,14.99
Earth 2160,pc,2,4.58,0.09,4.99
Quake III Arena,pc,2,13.75,0.09,14.99
Quake IV,pc,2,13.75,0.09,14.99
DOOM II,pc,2,4.58,0.09,4.99
QUAKE,pc,2,4.58,0.09,4.99
QUAKE II,pc,2,4.58,0.09,4.99
Bloody Good Time,pc,2,4.58,0.09,4.99
Shadowgrounds,pc,2,6.41,0.09,6.99
RIP - Trilogy(tm),pc,2,4.58,0.09,4.99
RIP - Trilogy(tm),pc,2,4.58,0.09,4.99
RIP - Trilogy(tm),pc,2,4.58,0.09,4.99
Call of Duty(r),pc,2,18.34,0.09,19.99
Call of Duty(r) 2,pc,2,18.34,0.09,19.99
688(I) Hunter/Killer,pc,2,9.17,0.09,9.99
Sub Command,pc,2,9.17,0.09,9.99
GTI Racing,pc,2,4.58,0.09,4.99
Xpand Rally,pc,2,4.58,0.09,4.99
Call of Juarez(tm),pc,2,9.17,0.09,9.99
Xpand Rally Xtreme,pc,2,4.58,0.09,4.99
Genesis Rising,pc,2,4.58,0.09,4.99
Painkiller Overdose,pc,2,1.14,0.09,1.24
Shattered Union,pc,2,4.58,0.09,4.99
Garrys Mod,pc,2,9.17,0.09,9.99
RACE - The WTCC Game,pc,2,36.69,0.09,39.99
RACE - The WTCC Game,pc,2,36.69,0.09,39.99
Titan Quest,pc,2,0.0,0.09,0.0
Company of Heroes,pc,2,18.34,0.09,19.99
Natural Selection 2,pc,2,9.17,0.09,9.99
Natural Selection 2,pc,2,9.17,0.09,9.99
Shank,pc,2,9.17,0.09,9.99
Shank,pc,2,9.17,0.09,9.99
FlatOut,pc,2,6.87,0.09,7.49
Bloodline Champions,pc,1,0.0,0.09,0.0
Joint Task Force,pc,2,9.17,0.09,9.99
Project: Snowblind,pc,2,5.5,0.09,5.99
Rogue Trooper,pc,2,9.17,0.09,9.99
Loki,pc,2,9.17,0.09,9.99
Two Worlds II,pc,2,18.34,0.09,19.99
Railroad Tycoon 3,pc,2,9.17,0.09,9.99
X-COM: Interceptor,pc,2,4.58,0.09,4.99
X-COM: Enforcer,pc,2,4.58,0.09,4.99
Men of War(tm),pc,2,4.58,0.09,4.99
NecroVision,pc,2,4.58,0.09,4.99
EVE Online,pc,1,18.34,0.09,19.99
RACE 07,pc,2,3.66,0.09,3.99
RACE On,pc,2,7.33,0.09,7.99
BioShock(r) 2,pc,2,18.34,0.09,19.99
Freedom Force,pc,2,4.58,0.09,4.99
Borderlands,pc,2,18.34,0.09,19.99
DOOM 3,pc,2,4.58,0.09,4.99
HeXen II,pc,2,4.58,0.09,4.99
RAGE,pc,2,9.17,0.09,9.99
RAGE,pc,2,9.17,0.09,9.99
Supreme Commander,pc,2,13.75,0.09,14.99
Gish,pc,2,9.17,0.09,9.99
Champions Online,pc,1,0.0,0.09,0.0
Star Trek Online,pc,1,0.0,0.09,0.0
TimeShift(tm),pc,2,18.34,0.09,19.99
The Club(tm),pc,2,13.75,0.09,14.99
Space Siege,pc,2,13.75,0.09,14.99
Gumboy Tournament,pc,2,2.74,0.09,2.99
Pacific Storm,pc,2,7.33,0.09,7.99
Pacific Storm Allies,pc,2,7.33,0.09,7.99
Dragon Nest,pc,1,0.0,0.09,0.0
Midnight Club 2,pc,2,9.17,0.09,9.99
Grand Theft Auto IV,pc,2,18.34,0.09,19.99
BC Kings,pc,2,4.58,0.09,4.99
Damnation,pc,2,9.17,0.09,9.99
Americas Army 3,pc,2,0.0,0.09,0.0
Unreal Gold,pc,2,9.17,0.09,9.99
Silent Hunter(r) III,pc,2,9.17,0.09,9.99
IL-2 Sturmovik: 1946,pc,2,9.17,0.09,9.99
IL-2 Sturmovik: 1946,pc,2,9.17,0.09,9.99
Brain Spa,pc,2,9.17,0.09,9.99
Tribes: Ascend,pc,2,0.0,0.09,0.0
Dystopia,pc,2,0.0,0.09,0.0
Nuclear Dawn,pc,2,9.17,0.09,9.99
Empires Mod,pc,2,0.0,0.09,0.0
DeathSpank,pc,2,13.75,0.09,14.99
DeathSpank,pc,2,13.75,0.09,14.99
The Baconing,pc,2,13.75,0.09,14.99
Mayhem Intergalactic,pc,2,9.17,0.09,9.99
Zero Gear,pc,2,4.58,0.09,4.99
Puzzle Chronicles,pc,2,9.17,0.09,9.99
The Sum of All Fears,pc,2,9.17,0.09,9.99
Galactic Bowling,pc,2,18.34,0.09,19.99
Red Faction,pc,2,9.17,0.09,9.99
Shatter,pc,2,9.17,0.09,9.99
LEGO Batman,pc,2,18.34,0.09,19.99
F.E.A.R. 3,pc,2,18.34,0.09,19.99
Flock!,pc,2,4.58,0.09,4.99
Street Fighter(r) IV,pc,2,18.34,0.09,19.99
Bionic Commando,pc,2,9.17,0.09,9.99
Rock of Ages,pc,2,9.17,0.09,9.99
Rogue Warrior,pc,2,4.58,0.09,4.99
BRINK,pc,2,7.33,0.09,7.99
BRINK,pc,2,7.33,0.09,7.99
BRINK,pc,2,7.33,0.09,7.99
Spectromancer,pc,2,9.17,0.09,9.99
Worms Reloaded,pc,2,18.34,0.09,19.99
Grand Ages: Rome,pc,2,9.17,0.09,9.99
Puzzle Kingdoms,pc,2,13.75,0.09,14.99
Cricket Revolution,pc,2,2.74,0.09,2.99
Knights of Honor,pc,2,9.17,0.09,9.99
Elven Legacy,pc,2,4.58,0.09,4.99
Hearts of Iron III,pc,2,9.17,0.09,9.99
Majesty Gold HD,pc,2,9.17,0.09,9.99
Drug Wars,pc,2,4.58,0.09,4.99
Summer Athletics,pc,2,18.34,0.09,19.99
Booster Trooper,pc,2,4.58,0.09,4.99
Dead Horde,pc,2,9.17,0.09,9.99
Guild Wars Trilogy,pc,1,27.51,0.09,29.99
Dark Sector,pc,2,9.17,0.09,9.99
Iron Grip: Warlord,pc,2,0.0,0.09,0.0
Zombie Bowl-o-Rama,pc,2,9.17,0.09,9.99
Metal Drift,pc,2,9.17,0.09,9.99
Delta Force Xtreme 2,pc,2,18.34,0.09,19.99
Delta Force 2,pc,2,4.58,0.09,4.99
Delta Force: Xtreme,pc,2,18.34,0.09,19.99
Armored Fist 3,pc,2,9.17,0.09,9.99
F-22 Lightning 3,pc,2,9.17,0.09,9.99
Comanche 4,pc,2,9.17,0.09,9.99
Tachyon: The Fringe,pc,2,9.17,0.09,9.99
Driver San Francisco,pc,2,18.34,0.09,19.99
Time of Shadows,pc,2,9.17,0.09,9.99
Crash Time 3,pc,2,5.5,0.09,5.99
Ziro,pc,2,4.58,0.09,4.99
Arma 2,pc,2,11.92,0.09,12.99
Arma 2,pc,2,11.92,0.09,12.99
Crack Down(tm),pc,2,2.74,0.09,2.99
Gain Ground(tm),pc,2,2.74,0.09,2.99
Golden Axe(tm),pc,2,2.74,0.09,2.99
Altered Beast(tm),pc,2,2.74,0.09,2.99
Bonanza Bros.(tm),pc,2,2.74,0.09,2.99
Columns(tm),pc,2,2.74,0.09,2.99
Kid Chameleon(tm),pc,2,2.74,0.09,2.99
Sonic Spinball(tm),pc,2,4.58,0.09,4.99
Alien Storm,pc,2,2.74,0.09,2.99
Columns(tm) III,pc,2,2.74,0.09,2.99
Total War: SHOGUN 2,pc,2,22.93,0.09,24.99
Insane 2,pc,2,13.75,0.09,14.99
Forsaken World,pc,1,0.0,0.09,0.0
Angle of Attack,pc,2,9.17,0.09,9.99
All Aspect Warfare,pc,2,9.17,0.09,9.99
Magnetis,pc,2,1.83,0.09,1.99
Roogoo,pc,2,1.83,0.09,1.99
RIP - Trilogy(tm),pc,2,4.58,0.09,4.99
RIP - Trilogy(tm),pc,2,4.58,0.09,4.99
RACE - The WTCC Game,pc,2,36.69,0.09,39.99
Natural Selection 2,pc,2,9.17,0.09,9.99
Shank,pc,2,9.17,0.09,9.99
RACE On,pc,2,7.33,0.09,7.99
RAGE,pc,2,9.17,0.09,9.99
IL-2 Sturmovik: 1946,pc,2,9.17,0.09,9.99
DeathSpank,pc,2,13.75,0.09,14.99
BRINK,pc,2,7.33,0.09,7.99
BRINK,pc,2,7.33,0.09,7.99
Arma 2,pc,2,11.92,0.09,12.99
CrimeCraft: GangWars,pc,1,0.0,0.09,0.0
Moonbase Alpha,pc,2,0.0,0.09,0.0
RIFT,pc,1,0.0,0.09,0.0
Dungeon Siege III,pc,2,13.75,0.09,14.99
AquaNox,pc,2,4.58,0.09,4.99
Chaser,pc,2,4.58,0.09,4.99
Nation Red,pc,2,9.17,0.09,9.99
Supreme Commander 2,pc,2,11.92,0.09,12.99
Rush for Berlin Gold,pc,2,4.58,0.09,4.99
Tidalis,pc,2,4.58,0.09,4.99
Sacraboar,pc,2,8.25,0.09,8.99
Stronghold HD,pc,2,5.5,0.09,5.99
Stronghold HD,pc,2,5.5,0.09,5.99
Stronghold HD,pc,2,5.5,0.09,5.99
Serious Sam 3: BFE,pc,2,36.69,0.09,39.99
Altitude,pc,2,0.0,0.09,0.0
Doom Rails,pc,2,2.74,0.09,2.99
War of the Roses,pc,2,0.0,0.09,0.0
DogFighter,pc,2,2.74,0.09,2.99
Singularity(tm),pc,2,27.51,0.09,29.99
Magicka,pc,2,9.17,0.09,9.99
The Kings Crusade,pc,2,9.17,0.09,9.99
Victoria II,pc,2,4.58,0.09,4.99
Victoria I Complete,pc,2,2.28,0.09,2.49
Super Laser  Racer,pc,2,4.58,0.09,4.99
Galcon Fusion,pc,2,9.17,0.09,9.99
F1 2010(tm),pc,2,9.17,0.09,9.99
GRID 2,pc,2,27.51,0.09,29.99
F1 2011,pc,2,13.75,0.09,14.99
RACE Injection,pc,2,11.92,0.09,12.99
GT Legends,pc,2,7.33,0.09,7.99
Sol Survivor,pc,2,9.17,0.09,9.99
Ignite,pc,2,9.17,0.09,9.99
Clickr,pc,2,4.58,0.09,4.99
Dead Rising(r) 2,pc,2,18.34,0.09,19.99
Lost Planet(r) 2,pc,2,18.34,0.09,19.99
Theatre of War,pc,2,3.66,0.09,3.99
Future Wars,pc,2,4.58,0.09,4.99
Trapped Dead,pc,2,3.43,0.09,3.74
Swarm Arena,pc,2,4.58,0.09,4.99
Dimensity,pc,2,9.17,0.09,9.99
Armada 2526,pc,2,13.75,0.09,14.99
Stronghold 3 Gold,pc,2,27.51,0.09,29.99
Stronghold Kingdoms,pc,1,0.0,0.09,0.0
Puzzle Quest 2,pc,2,9.17,0.09,9.99
Dead Space(tm) 2,pc,2,18.34,0.09,19.99
Medal of Honor(tm),pc,2,18.34,0.09,19.99
RISK(tm): Factions,pc,2,9.17,0.09,9.99
Medal of Honor(tm),pc,2,18.34,0.09,19.99
Shift 2 Unleashed,pc,2,18.34,0.09,19.99
Anno 2070(tm),pc,2,18.34,0.09,19.99
Greed Corp,pc,2,9.17,0.09,9.99
Beat Hazard,pc,2,9.17,0.09,9.99
Plain Sight,pc,2,4.58,0.09,4.99
Spec Ops: The Line,pc,2,27.51,0.09,29.99
Air Forte,pc,2,9.17,0.09,9.99
Atom Zombie Smasher,pc,2,9.17,0.09,9.99
Homefront,pc,2,4.58,0.09,4.99
MX vs. ATV Reflex,pc,2,18.34,0.09,19.99
Duke Nukem Forever,pc,2,18.34,0.09,19.99
ProtoGalaxy,pc,2,0.0,0.09,0.0
Power of Defense,pc,2,9.17,0.09,9.99
Critter Crunch,pc,2,6.41,0.09,6.99
HOARD,pc,2,9.17,0.09,9.99
Monday Night Combat,pc,2,4.58,0.09,4.99
Monday Night Combat,pc,2,4.58,0.09,4.99
Sniper Elite V2,pc,2,27.51,0.09,29.99
Delve Deeper,pc,2,4.58,0.09,4.99
Fantasy Wars,pc,2,4.58,0.09,4.99
Men of War: Vietnam,pc,2,7.33,0.09,7.99
Archon Classic,pc,2,9.17,0.09,9.99
Take On Helicopters,pc,2,18.34,0.09,19.99
ARMA: Gold Edition,pc,2,9.17,0.09,9.99
Dungeon Defenders,pc,2,13.75,0.09,14.99
Dino D-Day,pc,2,9.17,0.09,9.99
Star Ruler,pc,2,13.75,0.09,14.99
Evochron Mercenary,pc,2,18.34,0.09,19.99
Golden Axe(tm) II,pc,2,2.74,0.09,2.99
Virtua Fighter(tm) 2,pc,2,2.74,0.09,2.99
Gunstar Heroes,pc,2,2.74,0.09,2.99
Sonic 3 and Knuckles,pc,2,4.58,0.09,4.99
Sonic the Hedgehog 2,pc,2,4.58,0.09,4.99
Streets of Rage,pc,2,2.74,0.09,2.99
Streets of Rage 2,pc,2,2.74,0.09,2.99
ToeJam & Earl,pc,2,4.58,0.09,4.99
Clones,pc,2,9.17,0.09,9.99
Majesty 2 Collection,pc,2,18.34,0.09,19.99
Defenders of Ardania,pc,2,9.17,0.09,9.99
Pride of Nations,pc,2,18.34,0.09,19.99
Sengoku,pc,2,9.17,0.09,9.99
APOX,pc,2,13.75,0.09,14.99
SkyDrift,pc,2,9.17,0.09,9.99
Sanctum,pc,2,9.17,0.09,9.99
DETOUR,pc,2,0.45,0.09,0.49
GundeadliGne,pc,2,3.66,0.09,3.99
Jamestown,pc,2,9.17,0.09,9.99
Nidhogg,pc,2,13.75,0.09,14.99
Capsized,pc,2,9.17,0.09,9.99
ibb & obb,pc,2,11.0,0.09,11.99
Nexuiz,pc,2,9.17,0.09,9.99
Slam Bolt Scrappers,pc,2,9.17,0.09,9.99
Kohan: Ahrimans Gift,pc,2,9.17,0.09,9.99
Frozen Synapse,pc,2,22.93,0.09,24.99
Naval Warfare,pc,2,2.74,0.09,2.99
Yars Revenge,pc,2,9.17,0.09,9.99
Renegade Ops,pc,2,13.76,0.09,15.0
Spiral Knights,pc,1,0.0,0.09,0.0
Puzzle Pirates,pc,1,0.0,0.09,0.0
Vertex Dispenser,pc,2,9.17,0.09,9.99
Gatling Gears,pc,2,9.17,0.09,9.99
Super MNC,pc,2,0.0,0.09,0.0
ORION: Prelude,pc,2,0.0,0.09,0.0
Ms. Splosion Man,pc,2,9.17,0.09,9.99
Terraria,pc,2,9.17,0.09,9.99
Arma 3,pc,2,36.69,0.09,39.99
War Inc. Battlezone,pc,1,0.0,0.09,0.0
Ticket to Ride,pc,2,9.17,0.09,9.99
Memoir 44 Online,pc,2,0.0,0.09,0.0
Project Zomboid,pc,2,13.75,0.09,14.99
Death Rally,pc,2,9.17,0.09,9.99
MicroVolts Surge,pc,2,0.0,0.09,0.0
Neverwinter,pc,1,0.0,0.09,0.0
Achron,pc,2,18.34,0.09,19.99
inMomentum,pc,2,9.17,0.09,9.99
Bunch of Heroes,pc,2,4.58,0.09,4.99
APB Reloaded,pc,1,0.0,0.09,0.0
Iron Brigade,pc,2,13.75,0.09,14.99
Super Toy Cars,pc,2,9.17,0.09,9.99
Worms Revolution,pc,2,13.75,0.09,14.99
Sideway(tm) New York,pc,2,9.17,0.09,9.99
Realm of the Mad God,pc,1,0.0,0.09,0.0
Off-Road Drive,pc,2,6.41,0.09,6.99
Oil Rush,pc,2,7.33,0.09,7.99
XCOM: Enemy Unknown,pc,2,27.51,0.09,29.99
Torchlight II,pc,2,18.34,0.09,19.99
Revelations 2012,pc,2,2.28,0.09,2.49
Pox Nora,pc,2,0.0,0.09,0.0
Total War: SHOGUN 2,pc,2,22.93,0.09,24.99
Really Big Sky,pc,2,4.58,0.09,4.99
DiRT Showdown,pc,2,13.75,0.09,14.99
Impire,pc,2,18.34,0.09,19.99
Leviathan: Warships,pc,2,9.17,0.09,9.99
Scary Girl,pc,2,6.41,0.09,6.99
Demigod,pc,2,9.17,0.09,9.99
Tomb Raider,pc,2,18.34,0.09,19.99
F1 RACE STARS(tm),pc,2,13.75,0.09,14.99
Binary Domain,pc,2,13.75,0.09,14.99
Crusader Kings II,pc,2,9.17,0.09,9.99
The Showdown Effect,pc,2,2.28,0.09,2.49
Max Payne 3,pc,2,18.34,0.09,19.99
Awesomenauts,pc,2,9.17,0.09,9.99
Serious Sam 2,pc,2,9.17,0.09,9.99
Castle Crashers(r),pc,2,13.75,0.09,14.99
Confrontation,pc,2,18.34,0.09,19.99
Rotastic,pc,2,9.17,0.09,9.99
Deep Black: Reloaded,pc,2,27.51,0.09,29.99
Babel Rising,pc,2,9.17,0.09,9.99
Magical Drop V,pc,2,0.91,0.09,0.99
Rocksmith(tm),pc,2,27.51,0.09,29.99
Port Royale 3,pc,2,13.75,0.09,14.99
Clan of Champions,pc,2,36.69,0.09,39.99
AirMech(r),pc,2,0.0,0.09,0.0
Bang Bang Racing,pc,2,9.17,0.09,9.99
SpeedRunners,pc,2,13.75,0.09,14.99
Stellar Impact,pc,2,9.17,0.09,9.99
Fireburst,pc,2,9.17,0.09,9.99
ArcheBlade(tm),pc,2,0.0,0.09,0.0
Cubemen,pc,2,3.66,0.09,3.99
Rayman(r) Origins,pc,2,18.34,0.09,19.99
A Virus Named TOM,pc,2,9.17,0.09,9.99
Arena Wars 2,pc,2,3.66,0.09,3.99
Sacred Citadel,pc,2,9.17,0.09,9.99
Moon Breakers,pc,2,0.0,0.09,0.0
Loadout,pc,2,0.0,0.09,0.0
Doom 3: BFG Edition,pc,2,18.34,0.09,19.99
Tryst,pc,2,13.75,0.09,14.99
F1 2012(tm),pc,2,18.34,0.09,19.99
Lunar Flight,pc,2,13.75,0.09,14.99
Blades of Time,pc,2,9.17,0.09,9.99
Colour Bind,pc,2,9.17,0.09,9.99
Mad Riders(tm),pc,2,9.17,0.09,9.99
Hero Academy,pc,2,4.58,0.09,4.99
Cortex Command,pc,2,18.34,0.09,19.99
War of the Immortals,pc,1,0.0,0.09,0.0
Sanctum 2,pc,2,13.75,0.09,14.99
Rune Classic,pc,2,9.17,0.09,9.99
Check vs Mate,pc,2,18.34,0.09,19.99
Streets of Rage 3,pc,2,2.74,0.09,2.99
Adventures of Shuggy,pc,2,4.58,0.09,4.99
Wanderlust: Rebirth,pc,2,7.33,0.09,7.99
Starbound,pc,2,11.69,0.09,12.74
Star Conflict,pc,1,0.0,0.09,0.0
Vindictus,pc,1,0.0,0.09,0.0
Mabinogi,pc,1,0.0,0.09,0.0
Inversion(tm),pc,2,9.17,0.09,9.99
Party of Sin,pc,2,9.17,0.09,9.99
ThunderWheels Demo,pc,2,0.0,0.09,0.0
Sonic Adventure 2,pc,2,9.17,0.09,9.99
Minimum,pc,2,9.17,0.09,9.99
Tower Wars,pc,2,7.33,0.09,7.99
Gear Up,pc,2,0.0,0.09,0.0
WAKFU,pc,1,0.0,0.09,0.0
Ragnarok Online,pc,1,0.0,0.09,0.0
ROSE Online,pc,1,0.0,0.09,0.0
The Secret World,pc,1,27.51,0.09,29.99
Primal Carnage,pc,2,7.33,0.09,7.99
Dream Pinball 3D,pc,2,6.41,0.09,6.99
Dungeon-Party,pc,2,0.0,0.09,0.0
Gemini Wars,pc,2,13.75,0.09,14.99
MapleStory,pc,1,0.0,0.09,0.0
Great Big War Game,pc,2,6.41,0.09,6.99
Rise of the Triad,pc,2,13.75,0.09,14.99
Worms Armageddon,pc,2,13.75,0.09,14.99
Dins Curse,pc,2,9.17,0.09,9.99
Dogfight 1942,pc,2,9.17,0.09,9.99
Dungeonland,pc,2,0.0,0.09,0.0
PlanetSide 2,pc,1,0.0,0.09,0.0
Frontline Tactics,pc,2,0.0,0.09,0.0
Smashmuck Champions,pc,2,0.0,0.09,0.0
Planets Under Attack,pc,2,9.17,0.09,9.99
PAYDAY 2,pc,2,18.34,0.09,19.99
Pid,pc,2,9.17,0.09,9.99
Mercenary Kings,pc,2,18.34,0.09,19.99
Ultratron,pc,2,9.17,0.09,9.99
Droid Assault,pc,2,9.17,0.09,9.99
Dogs of War Online,pc,2,0.0,0.09,0.0
King Arthurs Gold,pc,2,9.17,0.09,9.99
Grim Dawn,pc,2,22.93,0.09,24.99
Far Cry 3,pc,2,18.34,0.09,19.99
DayZ,pc,2,32.1,0.09,34.99
Monopoly,pc,2,9.17,0.09,9.99
Age of Empires II HD,pc,2,18.34,0.09,19.99
DG2: Defense Grid 2,pc,2,13.75,0.09,14.99
Rocksmith 2014,pc,2,36.69,0.09,39.99
The Cave,pc,2,13.75,0.09,14.99
Champions of Regnum,pc,1,0.0,0.09,0.0
Insurgency,pc,2,9.17,0.09,9.99
Dead Pixels,pc,2,2.74,0.09,2.99
Perpetuum,pc,1,9.17,0.09,9.99
Miner Wars 2081,pc,2,9.17,0.09,9.99
Blockscape,pc,2,18.34,0.09,19.99
F1 2013,pc,2,22.93,0.09,24.99
DCS World,pc,2,0.0,0.09,0.0
Pressure,pc,2,7.33,0.09,7.99
No More Room in Hell,pc,2,0.0,0.09,0.0
Defiance,pc,1,0.0,0.09,0.0
Brutal Legend,pc,2,13.75,0.09,14.99
Full Mojo Rampage,pc,2,11.92,0.09,12.99
Cities in Motion 2,pc,2,18.34,0.09,19.99
Blade Symphony,pc,2,9.17,0.09,9.99
Sven Co-op,pc,2,0.0,0.09,0.0
F1 2014,pc,2,27.51,0.09,29.99
LOST PLANET(r) 3,pc,2,22.93,0.09,24.99
Age of Wonders III,pc,2,27.51,0.09,29.99
Ironclad Tactics,pc,2,13.75,0.09,14.99
Rise of Venice,pc,2,22.93,0.09,24.99
Kingdom Wars,pc,1,0.0,0.09,0.0
God Mode,pc,2,9.17,0.09,9.99
Scourge: Outbreak,pc,2,7.33,0.09,7.99
StarForge,pc,2,9.17,0.09,9.99
Firefall,pc,1,0.0,0.09,0.0
March of the Eagles,pc,2,18.34,0.09,19.99
Retrovirus,pc,2,9.17,0.09,9.99
Castle Story,pc,2,18.34,0.09,19.99
Heroes & Generals,pc,1,0.0,0.09,0.0
Cubemen 2,pc,2,7.33,0.09,7.99
TrackMania2 Canyon,pc,2,18.34,0.09,19.99
Carnage Racing (tm),pc,2,0.0,0.09,0.0
Skulls of the Shogun,pc,2,9.17,0.09,9.99
Bientot lete,pc,2,9.17,0.09,9.99
A Fistful of Gun,pc,2,11.92,0.09,12.99
ShootMania Storm,pc,2,18.34,0.09,19.99
Joe Danger,pc,2,13.75,0.09,14.99
N++ (NPLUSPLUS),pc,2,13.75,0.09,14.99
Warframe,pc,2,0.0,0.09,0.0
Cannon Brawl,pc,2,4.53,0.09,4.94
Ragnarok Online 2,pc,1,0.0,0.09,0.0
MirrorMoon EP,pc,2,9.17,0.09,9.99
Deadfall Adventures,pc,2,0.0,0.09,0.0
Company of Heroes 2,pc,2,6.87,0.09,7.49
Killing Floor 2,pc,2,27.51,0.09,29.99
SolForge,pc,2,0.0,0.09,0.0
TrackMania2 Stadium,pc,2,9.17,0.09,9.99
Thunder Wolves,pc,2,9.17,0.09,9.99
Final Exam,pc,2,9.17,0.09,9.99
Distance,pc,2,18.34,0.09,19.99
Worms Clan Wars,pc,2,22.93,0.09,24.99
UnEpic,pc,2,11.92,0.09,12.99
Gear Up,pc,2,0.0,0.09,0.0
Scrabble,pc,2,9.17,0.09,9.99
Marvel Puzzle Quest,pc,2,0.0,0.09,0.0
Shattered Haven,pc,2,9.17,0.09,9.99
Rush Bros.,pc,2,9.17,0.09,9.99
War of the Vikings,pc,2,22.93,0.09,24.99
Project CARS,pc,2,27.51,0.09,29.99
Original War,pc,2,4.58,0.09,4.99
Prime World,pc,1,0.0,0.09,0.0
Blitzkrieg 3,pc,1,27.51,0.09,29.99
Small World 2,pc,2,9.17,0.09,9.99
Audiosurf 2,pc,2,13.75,0.09,14.99
Dungeon Defenders II,pc,2,0.0,0.09,0.0
Interstellar Marines,pc,2,9.17,0.09,9.99
War Thunder,pc,1,0.0,0.09,0.0
DARK SOULS(tm) II,pc,2,36.69,0.09,39.99
PAC-MAN MUSEUM(tm),pc,2,0.0,0.09,0.0
Takedown: Red Sabre,pc,2,4.58,0.09,4.99
Blood Bowl 2,pc,2,41.28,0.09,44.99
Anomaly 2,pc,2,13.75,0.09,14.99
Elsword,pc,1,0.0,0.09,0.0
Frozen Cortex,pc,2,22.93,0.09,24.99
Planet Explorers,pc,2,22.93,0.09,24.99
Sniper Elite 3,pc,2,45.86,0.09,49.99
Edge of Space,pc,2,13.75,0.09,14.99
Pinball Arcade,pc,2,0.0,0.09,0.0
Legend of Dungeon,pc,2,9.17,0.09,9.99
Magicka 2,pc,2,13.75,0.09,14.99
Contagion,pc,2,9.17,0.09,9.99
Fist Puncher,pc,2,9.17,0.09,9.99
Skyward Collapse,pc,2,4.58,0.09,4.99
Path of Exile,pc,1,0.0,0.09,0.0
Hammerwatch,pc,2,9.17,0.09,9.99
Samurai Gunn,pc,2,13.75,0.09,14.99
Spelunky,pc,2,13.75,0.09,14.99
Gun Monkeys,pc,2,5.5,0.09,5.99
Soldier Front 2,pc,2,0.0,0.09,0.0
Bleed,pc,2,4.58,0.09,4.99
Panzar,pc,2,0.0,0.09,0.0
WWE 2K15,pc,2,45.86,0.09,49.99
MotoGP(tm)13,pc,2,18.34,0.09,19.99
Contraption Maker,pc,2,6.41,0.09,6.99
CastleStorm,pc,2,9.17,0.09,9.99
The Crew(tm),pc,1,27.51,0.09,29.99
Guncraft,pc,2,13.75,0.09,14.99
Kill to Collect,pc,2,18.34,0.09,19.99
Vector Thrust,pc,2,22.93,0.09,24.99
The Chaos Engine,pc,2,9.17,0.09,9.99
Rayman(r) Legends,pc,2,27.51,0.09,29.99
Space Hulk,pc,2,22.93,0.09,24.99
Nuclear Throne,pc,2,11.0,0.09,11.99
The Forest,pc,2,13.75,0.09,14.99
Verdun,pc,2,22.93,0.09,24.99
TrackMania2 Valley,pc,2,18.34,0.09,19.99
Watch_Dogs(tm),pc,2,27.51,0.09,29.99
Gas Guzzlers Extreme,pc,2,22.93,0.09,24.99
Take On Mars,pc,2,20.17,0.09,21.99
Assetto Corsa,pc,2,27.51,0.09,29.99
Supreme Ruler 1936,pc,2,3.66,0.09,3.99
Epigenesis,pc,2,0.0,0.09,0.0
NEOTOKYO,pc,2,0.0,0.09,0.0
Divekick,pc,2,4.58,0.09,4.99
StarMade,pc,2,13.75,0.09,14.99
Foul Play,pc,2,13.75,0.09,14.99
Space Engineers,pc,2,22.93,0.09,24.99
SNOW,pc,2,0.0,0.09,0.0
Skullgirls,pc,2,9.17,0.09,9.99
Etherium,pc,2,18.34,0.09,19.99
Trials Fusion(tm),pc,2,18.34,0.09,19.99
Tropico 5,pc,2,5.72,0.09,6.24
Happy Wars,pc,2,0.0,0.09,0.0
Plague Inc: Evolved,pc,2,13.75,0.09,14.99
Strike Vector,pc,2,11.0,0.09,11.99
Jeklynn Heights,pc,2,6.41,0.09,6.99
Recruits,pc,2,9.17,0.09,9.99
Bombernauts,pc,2,9.17,0.09,9.99
Nether: Resurrected,pc,1,4.58,0.09,4.99
Sacred 3,pc,2,13.75,0.09,14.99
Clickteam Fusion 2.5,pc,1,91.73,0.09,99.99
Dino Run DX,pc,2,5.5,0.09,5.99
Omegalodon,pc,2,9.17,0.09,9.99
Craft The World,pc,2,17.42,0.09,18.99
Legends of Aethereus,pc,2,27.51,0.09,29.99
Megabyte Punch,pc,2,13.75,0.09,14.99
Toribash,pc,2,0.0,0.09,0.0
Kingdoms Rise,pc,2,13.75,0.09,14.99
Risk of Rain,pc,2,9.17,0.09,9.99
NEStalgia,pc,1,13.75,0.09,14.99
The Castle Doctrine,pc,1,14.67,0.09,15.99
Galactic Arms Race,pc,2,2.74,0.09,2.99
Forge Quest,pc,2,13.75,0.09,14.99
METAL SLUG 3,pc,2,7.33,0.09,7.99
Blockland,pc,2,9.17,0.09,9.99
How to Survive,pc,2,13.75,0.09,14.99
Fight The Dragon,pc,2,13.75,0.09,14.99
Croixleur Sigma,pc,2,3.66,0.09,3.99
Wargame: Red Dragon,pc,2,36.69,0.09,39.99
Damned,pc,2,18.34,0.09,19.99
Hive,pc,2,2.28,0.09,2.49
TowerFall Ascension,pc,2,13.75,0.09,14.99
7 Days to Die,pc,2,22.93,0.09,24.99
Speedball 2 HD,pc,2,9.17,0.09,9.99
Steel Storm A.M.M.O.,pc,2,9.17,0.09,9.99
World of Diving,pc,2,18.34,0.09,19.99
Gimbal,pc,2,13.75,0.09,14.99
Double Dragon: Neon,pc,2,9.17,0.09,9.99
Rust,pc,1,18.34,0.09,19.99
Death Road to Canada,pc,2,13.75,0.09,14.99
Fantasy Grounds,pc,2,36.69,0.09,39.99
Vox,pc,2,9.17,0.09,9.99
Streamline,pc,2,0.0,0.09,0.0
PULSAR: Lost Colony,pc,2,22.93,0.09,24.99
Rocket League(r),pc,2,18.34,0.09,19.99
McDROID,pc,2,18.34,0.09,19.99
FOTONICA,pc,2,9.17,0.09,9.99
CastleMiner Z,pc,2,3.66,0.09,3.99
CABAL Online,pc,1,0.0,0.09,0.0
WARMACHINE: Tactics,pc,2,0.0,0.09,0.0
Gentlemen!,pc,2,1.14,0.09,1.24
Tiny Brains,pc,2,9.17,0.09,9.99
theHunter,pc,2,0.0,0.09,0.0
Ikaruga,pc,2,9.17,0.09,9.99
Earth 2150 Trilogy,pc,2,6.41,0.09,6.99
KnightShift,pc,2,6.41,0.09,6.99
Pool Nation,pc,2,9.17,0.09,9.99
Obscure,pc,2,6.41,0.09,6.99
MoonBase Commander,pc,2,5.5,0.09,5.99
Abyss Odyssey,pc,2,13.75,0.09,14.99
GRID Autosport,pc,2,36.69,0.09,39.99
NBA 2K14,pc,2,27.51,0.09,29.99
Entropy,pc,1,18.34,0.09,19.99
Truck Racer,pc,2,9.17,0.09,9.99
Enemy Front,pc,2,27.51,0.09,29.99
Child of Light,pc,2,13.75,0.09,14.99
MotoGP(tm)14,pc,2,27.51,0.09,29.99
Max Gentlemen,pc,2,0.0,0.09,0.0
Bloody Trapland,pc,2,9.17,0.09,9.99
Signal Ops,pc,2,9.17,0.09,9.99
Riptide GP2,pc,2,6.41,0.09,6.99
Hyper Light Drifter,pc,2,18.34,0.09,19.99
Frozen Hearth,pc,2,16.5,0.09,17.99
Survivor Squad,pc,2,8.25,0.09,8.99
Blood Knights,pc,2,9.17,0.09,9.99
Heli Heroes,pc,2,4.58,0.09,4.99
Chicken Shoot Gold,pc,2,6.41,0.09,6.99
EDEN STAR,pc,2,18.34,0.09,19.99
Dead Sky,pc,2,4.58,0.09,4.99
Two Brothers,pc,2,0.0,0.09,0.0
1001 Spikes,pc,2,13.75,0.09,14.99
Lethal League,pc,2,12.83,0.09,13.99
Trench Run,pc,2,7.33,0.09,7.99
Vanguard Princess,pc,2,4.58,0.09,4.99
Dungeons 2,pc,2,27.51,0.09,29.99
Little Racers STREET,pc,2,7.33,0.09,7.99
GoD Factory: Wingmen,pc,2,18.34,0.09,19.99
Crimsonland,pc,2,12.83,0.09,13.99
STARWHAL,pc,2,11.0,0.09,11.99
Blockstorm,pc,2,4.58,0.09,4.99
Signs of Life,pc,2,9.17,0.09,9.99
SPINTIRES(tm),pc,2,27.51,0.09,29.99
Probably Archery,pc,2,4.58,0.09,4.99
Final Rush,pc,2,4.58,0.09,4.99
Dragons and Titans,pc,2,0.0,0.09,0.0
SPACECOM,pc,2,9.17,0.09,9.99
Zombie Grinder,pc,2,8.25,0.09,8.99
Red Baron Pack,pc,2,9.17,0.09,9.99
Son of Nor,pc,2,18.34,0.09,19.99
WazHack,pc,2,9.17,0.09,9.99
La Tale,pc,1,0.0,0.09,0.0
The Red Solstice,pc,2,6.23,0.09,6.79
Fistful of Frags,pc,2,0.0,0.09,0.0
Secret Ponchos,pc,2,13.75,0.09,14.99
Goat Simulator,pc,2,9.17,0.09,9.99
Worlds of Magic,pc,2,36.69,0.09,39.99
Lost Saga NA,pc,2,0.0,0.09,0.0
Astral Terra,pc,2,13.75,0.09,14.99
Procyon,pc,2,3.66,0.09,3.99
GameGuru,pc,2,9.17,0.09,9.99
Calibre 10 Racing,pc,2,9.17,0.09,9.99
iRacing,pc,1,9.17,0.09,9.99
Anarchy Arcade,pc,2,0.0,0.09,0.0
Ground Pounders,pc,2,9.17,0.09,9.99
Guilty Gear Isuka,pc,2,0.0,0.09,0.0
Meltdown,pc,2,6.41,0.09,6.99
Lets Sing,pc,2,13.75,0.09,14.99
Krautscape,pc,2,7.33,0.09,7.99
Panzer Corps,pc,2,18.34,0.09,19.99
XCOM(r) 2,pc,2,55.04,0.09,59.99
Magicite,pc,2,9.17,0.09,9.99
Satellite Reign,pc,2,27.51,0.09,29.99
The Yawhg,pc,2,9.17,0.09,9.99
Super Motherload,pc,2,13.75,0.09,14.99
Luxuria Superbia,pc,2,6.41,0.09,6.99
Pool Nation VR,pc,2,18.34,0.09,19.99
Hero Siege,pc,2,5.5,0.09,5.99
Voice of Pripyat,pc,1,6.41,0.09,6.99
A Mass of Dead,pc,2,3.11,0.09,3.39
Tumblestone,pc,2,9.17,0.09,9.99
The Golf Club,pc,2,27.51,0.09,29.99
Secrets of Grindea,pc,2,13.75,0.09,14.99
RUNNING WITH RIFLES,pc,2,13.75,0.09,14.99
Etherlords,pc,2,4.58,0.09,4.99
Etherlords II,pc,2,4.58,0.09,4.99
Global ATC Simulator,pc,2,32.1,0.09,34.99
HAWKEN,pc,2,0.0,0.09,0.0
Space Farmers,pc,2,9.17,0.09,9.99
Grand Theft Auto V,pc,2,55.04,0.09,59.99
Vertiginous Golf,pc,2,9.17,0.09,9.99
Evolve Stage 2,pc,2,0.0,0.09,0.0
Over 9000 Zombies!,pc,2,9.17,0.09,9.99
Freespace 2,pc,2,9.17,0.09,9.99
Formula Truck 2013,pc,2,13.75,0.09,14.99
Stock Car Extreme,pc,2,18.34,0.09,19.99
Ski-World Simulator,pc,2,9.17,0.09,9.99
Snowcat Simulator,pc,2,7.33,0.09,7.99
Broforce,pc,2,6.87,0.09,7.49
Drox Operative,pc,2,18.34,0.09,19.99
Revolution Ace,pc,2,1.83,0.09,1.99
Jet Car Stunts,pc,2,2.74,0.09,2.99
Murder Miners,pc,2,0.45,0.09,0.49
Depth,pc,2,22.93,0.09,24.99
Tango Fiesta,pc,2,11.92,0.09,12.99
Fritz Chess 14,pc,2,36.69,0.09,39.99
VIDEOBALL,pc,2,9.17,0.09,9.99
Imperial Glory,pc,2,4.58,0.09,4.99
Praetorians,pc,2,4.58,0.09,4.99
Sportsfriends,pc,2,13.75,0.09,14.99
TUG,pc,2,0.0,0.09,0.0
Deadbreed(r),pc,2,0.0,0.09,0.0
Interplanetary,pc,2,13.75,0.09,14.99
Digger Online,pc,2,9.17,0.09,9.99
9th Dawn II,pc,2,7.33,0.09,7.99
Abalone,pc,2,4.58,0.09,4.99
Infinity Runner,pc,2,6.41,0.09,6.99
Gunjitsu,pc,2,3.66,0.09,3.99
Aragami,pc,2,0.0,0.09,0.0
Pulstar,pc,2,1.83,0.09,1.99
Crea,pc,2,13.75,0.09,14.99
Creativerse,pc,2,0.0,0.09,0.0
T.E.C. 3001,pc,2,3.66,0.09,3.99
Stellaris,pc,2,29.35,0.09,31.99
NBA 2K15,pc,2,55.04,0.09,59.99
Quake Live(tm),pc,2,9.17,0.09,9.99
Star Ruler 2,pc,2,22.93,0.09,24.99
Warring States,pc,2,14.67,0.09,15.99
Organic Panic,pc,2,0.0,0.09,0.0
100% Orange Juice,pc,2,6.41,0.09,6.99
Masterspace,pc,2,12.83,0.09,13.99
FaeVerse Alchemy,pc,2,0.0,0.09,0.0
Colonies Online,pc,1,13.75,0.09,14.99
Zooloretto,pc,2,6.41,0.09,6.99
Salt and Sanctuary,pc,2,16.5,0.09,17.99
Action Henk,pc,2,13.75,0.09,14.99
Enemy Mind,pc,2,9.17,0.09,9.99
Gang Beasts,pc,2,18.34,0.09,19.99
Tabletop Simulator,pc,2,18.34,0.09,19.99
F1 2015,pc,2,50.45,0.09,54.99
Battle Academy,pc,2,13.75,0.09,14.99
Chaos Domain,pc,2,9.17,0.09,9.99
Toybox Turbos,pc,2,13.75,0.09,14.99
8-Bit Commando,pc,2,2.74,0.09,2.99
Yomi,pc,2,13.75,0.09,14.99
Endless Legend(tm),pc,2,27.51,0.09,29.99
Faces of War,pc,2,4.58,0.09,4.99
Perimeter,pc,2,3.66,0.09,3.99
RC Cars,pc,2,2.74,0.09,2.99
Retro Game Crunch,pc,2,9.17,0.09,9.99
Echo of Soul,pc,1,0.0,0.09,0.0
Armello,pc,2,18.34,0.09,19.99
The Flock,pc,2,15.59,0.09,16.99
Cloud Chamber,pc,1,18.34,0.09,19.99
Grey Goo,pc,2,27.51,0.09,29.99
Evolution RTS,pc,2,0.0,0.09,0.0
Final Slam 2,pc,2,3.66,0.09,3.99
Duelyst,pc,2,0.0,0.09,0.0
Warface 2016: Anubis,pc,2,0.0,0.09,0.0
Brawlhalla,pc,2,0.0,0.09,0.0
Magical Battle Festa,pc,2,9.17,0.09,9.99
Chompy Chomp Chomp,pc,2,0.63,0.09,0.69
Rise of Prussia Gold,pc,2,18.34,0.09,19.99
H-Hour: Worlds Elite,pc,2,9.17,0.09,9.99
Card Hunter,pc,2,0.0,0.09,0.0
Epic Space: Online,pc,1,13.75,0.09,14.99
Amazing World(tm),pc,1,0.0,0.09,0.0
Guns and Robots,pc,1,0.0,0.09,0.0
Dark Raid,pc,2,18.34,0.09,19.99
Crawl,pc,2,9.17,0.09,9.99
Cult of the Wind,pc,2,9.17,0.09,9.99
White Noise Online,pc,2,5.5,0.09,5.99
Pivvot,pc,2,4.58,0.09,4.99
Kill The Bad Guy,pc,2,9.17,0.09,9.99
Knight Squad,pc,2,13.75,0.09,14.99
H1Z1 : Just Survive,pc,1,18.34,0.09,19.99
Hive Jump,pc,2,18.34,0.09,19.99
PARTICLE MACE,pc,2,0.91,0.09,0.99
G-Ball,pc,2,0.91,0.09,0.99
Iron Storm,pc,2,2.74,0.09,2.99
Ballistic Overkill,pc,2,6.41,0.09,6.99
Mount Your Friends,pc,2,4.58,0.09,4.99
Draconian Wars,pc,2,5.5,0.09,5.99
Real Boxing(tm),pc,2,4.58,0.09,4.99
Jump Tanks,pc,2,0.0,0.09,0.0
Neon Shadow,pc,2,4.58,0.09,4.99
Ascendant,pc,2,9.17,0.09,9.99
Overruled!,pc,2,11.92,0.09,12.99
Landmark,pc,1,9.17,0.09,9.99
Total Annihilation,pc,2,4.58,0.09,4.99
Master of Orion,pc,2,27.51,0.09,29.99
Eldevin,pc,1,0.0,0.09,0.0
XenoRaptor,pc,2,13.75,0.09,14.99
FLASHOUT 2,pc,2,4.58,0.09,4.99
Dreii,pc,2,5.5,0.09,5.99
Orbital Gear,pc,2,9.17,0.09,9.99
Block N Load,pc,2,0.0,0.09,0.0
CubeGun,pc,2,0.0,0.09,0.0
Rooks Keep,pc,2,7.33,0.09,7.99
Rogue Stormers,pc,2,12.83,0.09,13.99
Terrorhedron,pc,2,1.83,0.09,1.99
Miscreated,pc,1,18.34,0.09,19.99
Metal Planet,pc,2,5.5,0.09,5.99
Forgotten Myths CCG,pc,2,0.0,0.09,0.0
Divine Souls F2P MMO,pc,1,0.0,0.09,0.0
Planetoid Pioneers,pc,2,36.69,0.09,39.99
Road Redemption,pc,2,18.34,0.09,19.99
Gear Up,pc,2,0.0,0.09,0.0
Pure Pool,pc,2,11.92,0.09,12.99
JUJU,pc,2,18.34,0.09,19.99
SPORT1 Live : Duel,pc,2,4.58,0.09,4.99
Chicken Invaders 4,pc,2,4.58,0.09,4.99
Kill Fun Yeah,pc,2,9.17,0.09,9.99
Robocraft,pc,1,0.0,0.09,0.0
Battlezone 98 Redux,pc,2,18.34,0.09,19.99
Psichodelya,pc,2,0.95,0.09,1.04
Screencheat,pc,2,13.75,0.09,14.99
Ryse: Son of Rome,pc,2,18.34,0.09,19.99
Call to Arms,pc,2,22.93,0.09,24.99
BlazeRush,pc,2,9.17,0.09,9.99
BLOCKADE 3D,pc,2,0.0,0.09,0.0
TRISTOY,pc,2,6.41,0.09,6.99
#KILLALLZOMBIES,pc,2,11.0,0.09,11.99
Rugby 15,pc,2,18.34,0.09,19.99
Motorcycle Club,pc,2,9.17,0.09,9.99
Machines At War 3,pc,2,13.75,0.09,14.99
Time of Fury,pc,2,18.34,0.09,19.99
ArcheAge,pc,1,0.0,0.09,0.0
Trove,pc,1,0.0,0.09,0.0
Bloodbath,pc,2,13.75,0.09,14.99
Aeon Command,pc,2,2.74,0.09,2.99
Unturned,pc,2,0.0,0.09,0.0
Battle Islands,pc,2,0.0,0.09,0.0
Blue Estate The Game,pc,2,11.92,0.09,12.99
FranknJohn,pc,2,13.75,0.09,14.99
Servo,pc,2,18.34,0.09,19.99
Heroes of Issachar,pc,2,0.0,0.09,0.0
Dragon: The Game,pc,2,16.5,0.09,17.99
Railroad Pioneer,pc,2,4.58,0.09,4.99
Runers,pc,2,9.17,0.09,9.99
Civil War II,pc,2,36.69,0.09,39.99
Iron Fisticle,pc,2,8.25,0.09,8.99
BattleSpace,pc,1,0.0,0.09,0.0
Fractured Soul,pc,2,9.17,0.09,9.99
Asteria,pc,2,1.83,0.09,1.99
Velvet Sundown,pc,2,0.0,0.09,0.0
Platypus,pc,2,6.41,0.09,6.99
Othello,pc,2,9.17,0.09,9.99
Penarium,pc,2,9.17,0.09,9.99
Curses N Chaos,pc,2,9.17,0.09,9.99
Mortal Kombat X,pc,2,13.75,0.09,14.99
Savage Lands,pc,2,13.75,0.09,14.99
Cricket Captain 2014,pc,2,9.17,0.09,9.99
Minimon,pc,1,9.17,0.09,9.99
Orborun,pc,2,5.5,0.09,5.99
Super Sky Arena,pc,2,13.75,0.09,14.99
NS2: Combat,pc,2,5.5,0.09,5.99
Grand Ages: Medieval,pc,2,27.51,0.09,29.99
Deathtrap,pc,2,18.34,0.09,19.99
DiRT Rally,pc,2,55.04,0.09,59.99
Sky Nations,pc,2,12.83,0.09,13.99
Shiftlings,pc,2,6.87,0.09,7.49
Retrobooster,pc,2,13.75,0.09,14.99
Street Fighter V,pc,2,55.04,0.09,59.99
Rulers of Nations,pc,2,13.75,0.09,14.99
Naval Action,pc,1,36.69,0.09,39.99
Enter the Gungeon,pc,2,13.75,0.09,14.99
Black Ice,pc,2,13.75,0.09,14.99
Bounders and Cads,pc,2,1.83,0.09,1.99
Wild Warfare,pc,2,0.0,0.09,0.0
The Fifth Day,pc,2,13.75,0.09,14.99
SEAL Team 12,pc,2,2.74,0.09,2.99
Simply Chess,pc,2,0.0,0.09,0.0
To End All Wars,pc,2,36.69,0.09,39.99
Hell,pc,2,27.51,0.09,29.99
Legions of Steel,pc,2,18.34,0.09,19.99
Duck Game,pc,2,11.92,0.09,12.99
METAL SLUG X,pc,2,7.33,0.09,7.99
Khet 2.0,pc,2,9.17,0.09,9.99
Zoo Rampage,pc,2,3.66,0.09,3.99
Rugby League Live 3,pc,2,45.86,0.09,49.99
Starion Tactics,pc,2,9.17,0.09,9.99
The Expendabros,pc,2,0.0,0.09,0.0
Farming Simulator 15,pc,2,22.93,0.09,24.99
Boot Hill Heroes,pc,2,8.25,0.09,8.99
Alea Jacta Est,pc,2,22.93,0.09,24.99
Pool Nation FX Lite,pc,2,0.0,0.09,0.0
Boid,pc,2,0.0,0.09,0.0
Deathsmiles,pc,2,18.34,0.09,19.99
Bombing Bastards,pc,2,9.17,0.09,9.99
Obludia,pc,2,2.06,0.09,2.24
CubeZ,pc,2,7.33,0.09,7.99
Chess 2: The Sequel,pc,2,9.17,0.09,9.99
Abatron,pc,2,0.0,0.09,0.0
Rampage Knights,pc,2,11.0,0.09,11.99
Star Saviors,pc,2,1.83,0.09,1.99
Jamsouls,pc,2,3.66,0.09,3.99
Euro Fishing,pc,2,18.34,0.09,19.99
Aware,pc,2,11.92,0.09,12.99
Forsaken Uprising,pc,1,2.74,0.09,2.99
Mighty No. 9,pc,2,18.34,0.09,19.99
Spectre,pc,2,4.58,0.09,4.99
Age of Conquest IV,pc,2,0.0,0.09,0.0
Foresight,pc,2,13.75,0.09,14.99
Woah Dave!,pc,2,4.58,0.09,4.99
CO-OP : Decrypted,pc,2,9.17,0.09,9.99
Polarity,pc,2,1.37,0.09,1.49
Trainz: A New Era,pc,2,36.69,0.09,39.99
Daedalus - No Escape,pc,2,4.58,0.09,4.99
Magic Duels,pc,2,0.0,0.09,0.0
Hangeki,pc,2,9.17,0.09,9.99
Parcel,pc,2,4.58,0.09,4.99
Disney Universe,pc,2,18.34,0.09,19.99
Shadow Puppeteer,pc,2,13.75,0.09,14.99
Tetris(r) Ultimate,pc,2,13.75,0.09,14.99
Kings of Kung Fu,pc,2,9.17,0.09,9.99
Defenders of Time,pc,2,0.0,0.09,0.0
Congo,pc,2,9.17,0.09,9.99
AXYOS,pc,2,7.33,0.09,7.99
Burnstar,pc,2,4.58,0.09,4.99
Disneys Tangled,pc,2,18.34,0.09,19.99
Chaos Reborn,pc,2,18.34,0.09,19.99
Platypus II,pc,2,6.41,0.09,6.99
Space Salvager,pc,2,7.33,0.09,7.99
Duck Dynasty(r),pc,2,36.69,0.09,39.99
Chariot,pc,2,13.75,0.09,14.99
AX:EL - Air XenoDawn,pc,2,11.92,0.09,12.99
Moon Hunters,pc,2,13.75,0.09,14.99
Darkstone,pc,2,1.37,0.09,1.49
Coffin Dodgers,pc,2,10.08,0.09,10.99
Warside,pc,1,0.0,0.09,0.0
Fabula Mortis,pc,2,11.0,0.09,11.99
Wickland,pc,2,0.91,0.09,0.99
UNLOVED,pc,2,13.75,0.09,14.99
Supraball,pc,2,9.17,0.09,9.99
MotoGP(tm)14 Compact,pc,2,9.17,0.09,9.99
Cavern Kings,pc,2,9.17,0.09,9.99
20XX,pc,2,13.75,0.09,14.99
Guns Gore & Cannoli,pc,2,9.17,0.09,9.99
The Repopulation,pc,1,0.0,0.09,0.0
Dont Starve Together,pc,2,13.75,0.09,14.99
War the Game,pc,2,6.41,0.09,6.99
theHunter: Primal,pc,2,9.17,0.09,9.99
Pure Holdem,pc,2,18.34,0.09,19.99
Vagante,pc,2,13.75,0.09,14.99
TERA,pc,1,0.0,0.09,0.0
Super Indie Karts,pc,2,9.17,0.09,9.99
Move or Die,pc,2,13.75,0.09,14.99
Rising World,pc,2,13.75,0.09,14.99
Kalimba,pc,2,9.17,0.09,9.99
CodeSpells,pc,2,18.34,0.09,19.99
VoidExpanse,pc,2,13.75,0.09,14.99
Bus Simulator 16,pc,2,22.93,0.09,24.99
TOTM,pc,2,7.33,0.09,7.99
Desert Ashes,pc,2,4.58,0.09,4.99
SinaRun,pc,2,2.74,0.09,2.99
Boundless,pc,1,32.1,0.09,34.99
TOXIKK(tm),pc,2,0.0,0.09,0.0
BEARZERKERS,pc,2,11.92,0.09,12.99
Metaverse,pc,2,18.34,0.09,19.99
Sword Coast Legends,pc,2,18.34,0.09,19.99
Total War: ATTILA,pc,2,41.28,0.09,44.99
Windward,pc,2,9.17,0.09,9.99
ShellShock Live,pc,2,6.41,0.09,6.99
Club Manager 2015,pc,2,9.17,0.09,9.99
Worms W.M.D,pc,2,27.51,0.09,29.99
Gloria Victis,pc,1,18.34,0.09,19.99
Out of Reach,pc,1,13.75,0.09,14.99
Deadstone,pc,2,9.17,0.09,9.99
Journey of the King,pc,2,1.83,0.09,1.99
Tales Runner,pc,2,0.0,0.09,0.0
Reflex,pc,2,9.17,0.09,9.99
Frozen Synapse Prime,pc,2,22.93,0.09,24.99
Deer Hunt Legends,pc,2,4.58,0.09,4.99
One Last Day,pc,2,11.92,0.09,12.99
Fritz for Fun 13,pc,2,18.34,0.09,19.99
Gems of War,pc,2,0.0,0.09,0.0
QbQbQb,pc,2,4.58,0.09,4.99
JumpJet Rex,pc,2,9.17,0.09,9.99
R.B.I. Baseball 15,pc,2,18.34,0.09,19.99
Krosmaster Arena,pc,2,0.0,0.09,0.0
Kingdoms CCG,pc,2,0.0,0.09,0.0
Wild Frontera,pc,2,4.58,0.09,4.99
Pix the Cat,pc,2,9.17,0.09,9.99
Warlocks vs Shadows,pc,2,12.83,0.09,13.99
Runes of Brennos,pc,2,4.58,0.09,4.99
Celestial Command,pc,2,7.33,0.09,7.99
Noct,pc,2,9.17,0.09,9.99
DiscStorm,pc,2,11.0,0.09,11.99
Redemption,pc,1,13.75,0.09,14.99
Disney*Pixar Cars,pc,2,18.34,0.09,19.99
Grass Simulator,pc,2,0.91,0.09,0.99
Thief Town,pc,2,7.33,0.09,7.99
Executive Assault,pc,2,11.92,0.09,12.99
Carmageddon TDR 2000,pc,2,4.58,0.09,4.99
Why So Evil,pc,2,1.83,0.09,1.99
Disney*Pixar WALL-E,pc,2,18.34,0.09,19.99
The Next Penelope,pc,2,11.92,0.09,12.99
LEGO(r) Worlds,pc,2,13.75,0.09,14.99
Battle Fleet 2,pc,2,13.75,0.09,14.99
GRAV,pc,2,18.34,0.09,19.99
Shutshimi,pc,2,9.17,0.09,9.99
Amazing Frog?,pc,2,14.67,0.09,15.99
Barbarian Brawl,pc,2,9.17,0.09,9.99
Friendship Club,pc,2,11.0,0.09,11.99
National Zombie Park,pc,2,7.33,0.09,7.99
Storm United,pc,2,18.34,0.09,19.99
Do Not Fall,pc,2,9.17,0.09,9.99
Star Rangers(tm),pc,2,11.0,0.09,11.99
Cults and Daggers,pc,2,27.51,0.09,29.99
Cossacks 3,pc,2,0.0,0.09,0.0
Neocolonialism,pc,2,3.66,0.09,3.99
Medieval Engineers,pc,2,18.34,0.09,19.99
A Druids Duel,pc,2,7.33,0.09,7.99
Epic Arena,pc,2,0.0,0.09,0.0
Down To One,pc,2,0.91,0.09,0.99
Extreme Exorcism,pc,2,11.92,0.09,12.99
Roche Fusion,pc,2,11.01,0.09,12.0
Insanitys Blade,pc,2,5.5,0.09,5.99
Fortified,pc,2,13.75,0.09,14.99
Town of Salem,pc,2,4.58,0.09,4.99
Square Heroes,pc,2,4.58,0.09,4.99
Soccertron,pc,2,4.58,0.09,4.99
Moving Hazard,pc,2,9.17,0.09,9.99
Drive to Hell,pc,2,4.58,0.09,4.99
VRC PRO,pc,2,16.5,0.09,17.99
Biology Battle,pc,2,4.58,0.09,4.99
Dwarf Tower,pc,2,2.74,0.09,2.99
200% Mixed Juice!,pc,2,6.41,0.09,6.99
ManaCollect,pc,2,2.56,0.09,2.79
Transformice,pc,1,0.0,0.09,0.0
Brick-Force,pc,2,0.0,0.09,0.0
Grimoire: Manastorm,pc,2,9.17,0.09,9.99
Light Bound,pc,2,9.17,0.09,9.99
Nanofights,pc,2,4.58,0.09,4.99
Insecters War,pc,2,0.0,0.09,0.0
Combat Monsters,pc,2,0.0,0.09,0.0
Sky Mercenaries,pc,2,9.17,0.09,9.99
Virtual Pool 4,pc,2,22.93,0.09,24.99
Just Death,pc,2,13.75,0.09,14.99
Bloodsports.TV,pc,2,9.17,0.09,9.99
Anno Online,pc,2,0.0,0.09,0.0
HIT,pc,2,0.0,0.09,0.0
TREBUCHET,pc,2,9.17,0.09,9.99
KWAAN,pc,1,9.17,0.09,9.99
Ostrich Island,pc,2,4.58,0.09,4.99
Karos,pc,1,0.0,0.09,0.0
Zombie Vikings,pc,2,11.0,0.09,11.99
Battletank LOBA,pc,2,9.17,0.09,9.99
The SKIES,pc,1,0.0,0.09,0.0
ClusterPuck 99,pc,2,9.17,0.09,9.99
Bears Cant Drift!?,pc,2,9.17,0.09,9.99
Ratz Instagib,pc,2,8.25,0.09,8.99
Batla,pc,2,0.0,0.09,0.0
Super Treasure Arena,pc,2,5.86,0.09,6.39
Nightbanes,pc,1,0.0,0.09,0.0
Trouble In The Manor,pc,2,0.91,0.09,0.99
Seven Kingdoms 2 HD,pc,2,4.58,0.09,4.99
Demise of Nations,pc,2,0.0,0.09,0.0
Hollows Land,pc,2,0.0,0.09,0.0
Ukrainian Ninja,pc,2,1.83,0.09,1.99
Strife(r),pc,2,0.0,0.09,0.0
Artizens,pc,2,9.17,0.09,9.99
VEGA Conflict,pc,1,0.0,0.09,0.0
Paperbound,pc,2,9.17,0.09,9.99
I Gladiator,pc,2,7.33,0.09,7.99
rFactor,pc,2,22.93,0.09,24.99
AoF World Online,pc,1,18.34,0.09,19.99
Uncraft World,pc,2,6.14,0.09,6.69
Shadows of War,pc,2,2.74,0.09,2.99
Deity Quest,pc,2,9.17,0.09,9.99
Quintet,pc,2,0.0,0.09,0.0
Grand Class Melee 2,pc,2,9.17,0.09,9.99
Project Green Beat,pc,2,4.58,0.09,4.99
Tallowmere,pc,2,4.58,0.09,4.99
TDP4:Team Battle,pc,2,0.0,0.09,0.0
WolfWars,pc,2,4.58,0.09,4.99
Bunny Bash,pc,2,14.67,0.09,15.99
Gunslugs 2,pc,2,4.58,0.09,4.99
Deepworld,pc,1,0.0,0.09,0.0
Pulsen,pc,2,13.75,0.09,14.99
Pluck,pc,2,9.17,0.09,9.99
Colonial Conquest,pc,2,9.17,0.09,9.99
NeXus: One Core,pc,2,4.58,0.09,4.99
Paparazzi,pc,2,1.83,0.09,1.99
Stardust Vanguards,pc,2,9.17,0.09,9.99
Super Cyborg,pc,2,4.58,0.09,4.99
Throbax TD,pc,2,2.74,0.09,2.99
Barren Roads,pc,2,8.25,0.09,8.99
Lux Delux,pc,2,9.17,0.09,9.99
Dispatcher,pc,2,4.58,0.09,4.99
Games of Glory,pc,2,0.0,0.09,0.0
Manyland,pc,1,8.25,0.09,8.99
Gunscape,pc,2,0.0,0.09,0.0
HyperRogue,pc,2,4.58,0.09,4.99
Samudai,pc,2,2.74,0.09,2.99
Synonymy,pc,2,1.83,0.09,1.99
Toto Temple Deluxe,pc,2,9.17,0.09,9.99
Motorbike,pc,2,4.58,0.09,4.99
Crash Drive 2,pc,2,4.58,0.09,4.99
Bob Was Hungry,pc,2,9.17,0.09,9.99
CroNix,pc,2,0.0,0.09,0.0
Anti-Opoly,pc,2,9.17,0.09,9.99
Valiant,pc,2,18.34,0.09,19.99
Immortal Empire,pc,2,0.0,0.09,0.0
Janky Tanks,pc,2,4.58,0.09,4.99
CRYPTARK,pc,2,13.75,0.09,14.99
Reign Of Kings,pc,2,18.34,0.09,19.99
In Exilium,pc,2,3.66,0.09,3.99
Victor Vran ARPG,pc,2,18.34,0.09,19.99
Tasty Blue,pc,2,5.5,0.09,5.99
Block Legend DX,pc,2,4.58,0.09,4.99
RIDE,pc,2,36.69,0.09,39.99
Damned Nation Reborn,pc,2,11.92,0.09,12.99
Martial Law,pc,2,2.74,0.09,2.99
Lif,pc,1,8.25,0.09,8.99
BrainBread 2,pc,2,0.0,0.09,0.0
Into The War,pc,2,0.0,0.09,0.0
Musclecar Online,pc,1,2.74,0.09,2.99
Tennis Elbow 2013,pc,2,22.93,0.09,24.99
Toy Wars Invasion,pc,2,11.0,0.09,11.99
Sky Battles,pc,2,6.41,0.09,6.99
GOCCO OF WAR,pc,2,18.34,0.09,19.99
Undead Shadows,pc,2,3.66,0.09,3.99
OBEY,pc,2,13.75,0.09,14.99
The Cosmos is MINE!,pc,2,9.17,0.09,9.99
Mayan Death Robots,pc,2,13.75,0.09,14.99
16 Bit Arena,pc,1,0.0,0.09,0.0
Natural Soccer,pc,2,9.17,0.09,9.99
Street Arena,pc,2,6.41,0.09,6.99
Trackday Manager,pc,2,11.0,0.09,11.99
ORBIT,pc,2,6.41,0.09,6.99
BattleLore: Command,pc,2,9.17,0.09,9.99
Bierzerkers,pc,2,0.0,0.09,0.0
Beyond Sol,pc,2,10.08,0.09,10.99
Walkover,pc,2,0.0,0.09,0.0
M4 Tank Brigade,pc,1,13.75,0.09,14.99
UFHO2,pc,2,0.0,0.09,0.0
MyDream,pc,2,13.75,0.09,14.99
INIT.,pc,2,1.83,0.09,1.99
Dead TrailZ,pc,2,9.17,0.09,9.99
The Black Watchmen,pc,1,13.75,0.09,14.99
BlastZone 2,pc,2,2.74,0.09,2.99
Dark Forester,pc,1,27.51,0.09,29.99
TableTop Cricket,pc,2,9.17,0.09,9.99
Burstfire,pc,2,0.0,0.09,0.0
Romeros Aftermath,pc,1,0.0,0.09,0.0
Ancestory,pc,2,13.75,0.09,14.99
The Gate,pc,2,0.0,0.09,0.0
TransOcean 2: Rivals,pc,2,22.93,0.09,24.99
Dead Sea,pc,2,1.55,0.09,1.69
Sandmason,pc,2,3.66,0.09,3.99
Alganon,pc,1,0.0,0.09,0.0
The Bug Butcher,pc,2,7.33,0.09,7.99
Streets of Fury EX,pc,2,9.17,0.09,9.99
Cricket Captain 2015,pc,2,11.92,0.09,12.99
Niffelheim,pc,2,18.34,0.09,19.99
Rustbucket Rumble,pc,2,0.0,0.09,0.0
Counter Spell,pc,2,6.41,0.09,6.99
Veteran Combat,pc,2,1.14,0.09,1.24
Quiplash,pc,2,9.17,0.09,9.99
Cultures - Northland,pc,2,0.91,0.09,0.99
Tales of Zestiria,pc,2,45.86,0.09,49.99
Spirit of War,pc,2,9.17,0.09,9.99
Dead Realm,pc,2,13.75,0.09,14.99
Porcunipine,pc,2,9.17,0.09,9.99
The Indie Mixtape,pc,2,9.17,0.09,9.99
Subspace Continuum,pc,1,0.0,0.09,0.0
Chicken Invaders 5,pc,2,4.58,0.09,4.99
Time of Dragons,pc,2,0.0,0.09,0.0
Oil Enterprise,pc,2,18.34,0.09,19.99
D.U.S.T.,pc,2,13.75,0.09,14.99
Aberoth,pc,1,0.0,0.09,0.0
Devouring Stars,pc,2,9.17,0.09,9.99
LoveBeat,pc,2,0.0,0.09,0.0
We Are Legion,pc,2,9.17,0.09,9.99
Miner Warfare,pc,2,2.74,0.09,2.99
The Settlers Online,pc,2,0.0,0.09,0.0
Indie Assault,pc,2,9.17,0.09,9.99
Race Online,pc,2,11.0,0.09,11.99
TDP5 Arena 3D,pc,2,0.0,0.09,0.0
Crazy Steam Bros 2,pc,2,1.83,0.09,1.99
MotoGP(tm)15,pc,2,36.69,0.09,39.99
Codename CURE,pc,2,0.0,0.09,0.0
Geocore,pc,2,9.17,0.09,9.99
Perfection of Wisdom,pc,2,9.17,0.09,9.99
Flamberge,pc,2,9.17,0.09,9.99
Space Run Galaxy,pc,2,18.34,0.09,19.99
Survarium,pc,1,0.0,0.09,0.0
Commander Cool 2,pc,2,2.74,0.09,2.99
Fuego!,pc,2,9.17,0.09,9.99
Heroes of Scene,pc,1,0.0,0.09,0.0
Cuban Missile Crisis,pc,2,4.58,0.09,4.99
METAL SLUG DEFENSE,pc,2,0.0,0.09,0.0
Dragomon Hunter,pc,1,0.0,0.09,0.0
Interloper,pc,2,11.0,0.09,11.99
Soccer Rage,pc,2,9.17,0.09,9.99
Band of Drones,pc,2,7.33,0.09,7.99
Galacide,pc,2,9.17,0.09,9.99
One More Line,pc,2,2.74,0.09,2.99
Break_In,pc,2,4.58,0.09,4.99
Cobalt,pc,2,18.34,0.09,19.99
Rogue Continuum,pc,2,9.17,0.09,9.99
Telepath Tactics,pc,2,13.75,0.09,14.99
ZombieRun,pc,2,2.74,0.09,2.99
Canabalt,pc,2,2.74,0.09,2.99
MX vs. ATV Unleashed,pc,2,9.17,0.09,9.99
Heroes of Loot,pc,2,4.58,0.09,4.99
Elite Dangerous,pc,1,27.51,0.09,29.99
In Space We Brawl,pc,2,8.25,0.09,8.99
Shift Happens,pc,2,12.83,0.09,13.99
Choice Chamber,pc,1,9.17,0.09,9.99
Cloud Knights,pc,2,1.37,0.09,1.49
How to Survive 2,pc,2,8.25,0.09,8.99
Nightside,pc,2,6.41,0.09,6.99
Kiai Resonance,pc,2,4.58,0.09,4.99
Spellsworn,pc,2,9.17,0.09,9.99
Cards and Castles,pc,2,0.0,0.09,0.0
Run and Fire,pc,2,0.0,0.09,0.0
Ultimate Tic-Tac-Toe,pc,2,0.0,0.09,0.0
Descent: Underground,pc,2,27.51,0.09,29.99
Mother Russia Bleeds,pc,2,13.75,0.09,14.99
Shrooms,pc,2,13.75,0.09,14.99
Skyhook,pc,2,7.33,0.09,7.99
Ice Cream Surfer,pc,2,2.74,0.09,2.99
Accidental Runner,pc,2,0.0,0.09,0.0
Knight & Damsel,pc,2,3.66,0.09,3.99
Tree of Life,pc,1,18.34,0.09,19.99
The Living Dungeon,pc,2,18.34,0.09,19.99
Dungeon League,pc,2,9.17,0.09,9.99
Boss Monster,pc,2,4.58,0.09,4.99
Dog Fight,pc,2,9.17,0.09,9.99
Push Me Pull You,pc,2,13.75,0.09,14.99
Regimental Chess,pc,2,0.0,0.09,0.0
Fighties,pc,2,4.58,0.09,4.99
3D MiniGolf,pc,2,9.17,0.09,9.99
Black Mesa,pc,2,18.34,0.09,19.99
Caveman Craig,pc,2,10.08,0.09,10.99
Interstellar Rift,pc,2,13.75,0.09,14.99
Robot Arena III,pc,2,18.34,0.09,19.99
Seeders,pc,2,4.58,0.09,4.99
Capsule Force,pc,2,4.58,0.09,4.99
Swordsman,pc,1,0.0,0.09,0.0
XIIZEAL,pc,2,11.0,0.09,11.99
Total War: WARHAMMER,pc,2,55.04,0.09,59.99
CINEVEO - VR Cinema,pc,2,9.17,0.09,9.99
Roguelands,pc,2,9.17,0.09,9.99
Skyflower,pc,2,2.74,0.09,2.99
Wonky Pigeon!,pc,2,4.58,0.09,4.99
Reagan Gorbachev,pc,2,4.58,0.09,4.99
Super Snow Fight,pc,2,4.58,0.09,4.99
CHARIOT WARS,pc,2,6.41,0.09,6.99
Battle of the Bulge,pc,2,9.17,0.09,9.99
BRAWL,pc,2,13.75,0.09,14.99
Rugby World Cup 2015,pc,2,27.51,0.09,29.99
Below Kryll,pc,2,4.58,0.09,4.99
Heroes of Normandie,pc,2,27.51,0.09,29.99
rFactor 2,pc,2,29.35,0.09,31.99
Disposable Heroes,pc,2,4.58,0.09,4.99
Wurm Unlimited,pc,1,27.51,0.09,29.99
METAL SLUG,pc,2,7.33,0.09,7.99
SHOCK TROOPERS,pc,2,7.33,0.09,7.99
TWINKLE STAR SPRITES,pc,2,7.33,0.09,7.99
Dead Star,pc,2,18.34,0.09,19.99
Savage Resurrection,pc,2,18.34,0.09,19.99
Broken Bots,pc,2,6.41,0.09,6.99
Adorables,pc,2,2.74,0.09,2.99
Spy Bugs,pc,2,9.17,0.09,9.99
Lootfest,pc,2,0.91,0.09,0.99
Helena The 3rd,pc,2,0.91,0.09,0.99
Wish Project,pc,2,1.83,0.09,1.99
Dwarven Brawl Bros,pc,2,4.58,0.09,4.99
Angels Fall First,pc,2,16.5,0.09,17.99
3D Paraglider,pc,2,1.83,0.09,1.99
Polyball,pc,2,13.75,0.09,14.99
Chronoclysm,pc,2,8.25,0.09,8.99
Mysterious Space,pc,2,9.17,0.09,10.0
Sirius Online,pc,2,0.0,0.09,0.0
Obliteracers,pc,2,13.75,0.09,14.99
Nebula Online,pc,1,0.91,0.09,0.99
OreLight,pc,2,13.75,0.09,14.99
Force of Elements,pc,2,0.0,0.09,0.0
Yargis - Space Melee,pc,2,13.75,0.09,14.99
Age of Survival,pc,2,17.42,0.09,18.99
Megatect,pc,2,7.33,0.09,7.99
Crossfire: Dungeons,pc,2,3.66,0.09,3.99
Gremlins Inc.,pc,2,9.62,0.09,10.49
Wyrmsun,pc,2,0.0,0.09,0.0
Axis Football 2015,pc,2,13.75,0.09,14.99
Uncrowded,pc,2,0.91,0.09,0.99
Lion Quest,pc,2,11.0,0.09,11.99
Front Wars,pc,2,6.41,0.09,6.99
NBA 2K16,pc,2,55.04,0.09,59.99
Pixel Galaxy,pc,2,9.17,0.09,9.99
Dungeoncraft,pc,2,9.17,0.09,9.99
Holodrive,pc,2,9.17,0.09,9.99
Rugby Challenge 3,pc,2,45.86,0.09,49.99
Demons with Shotguns,pc,2,9.17,0.09,9.99
Dr. Spacezoo,pc,2,7.33,0.09,7.99
Hostile Dimension,pc,2,1.83,0.09,1.99
Gunnheim,pc,2,9.17,0.09,9.99
Legends of Pixelia,pc,2,9.17,0.09,9.99
Collider,pc,2,5.5,0.09,5.99
Gunslugs,pc,2,4.58,0.09,4.99
Barony,pc,2,9.17,0.09,9.99
Yasai Ninja,pc,2,1.83,0.09,1.99
Warriors & Castles,pc,2,2.74,0.09,2.99
The Language Game,pc,2,4.58,0.09,4.99
Second Warfare,pc,2,13.75,0.09,14.99
Girl Amazon Survival,pc,2,2.74,0.09,2.99
RPG MO,pc,1,0.0,0.09,0.0
Shot In The Dark,pc,2,0.0,0.09,0.0
Stones of Sorrow,pc,2,3.66,0.09,3.99
The Kindred,pc,2,13.75,0.09,14.99
1993 Space Machine,pc,2,8.25,0.09,8.99
Ryzom,pc,1,0.0,0.09,0.0
Portal Knights,pc,2,13.75,0.09,14.99
Fork Truck Challenge,pc,2,7.33,0.09,7.99
Concealed Intent,pc,2,13.75,0.09,14.99
Twin Robots,pc,2,4.58,0.09,4.99
DARK SOULS(tm) III,pc,2,55.04,0.09,59.99
Mactabilis,pc,2,2.74,0.09,2.99
Ember Strike,pc,2,0.0,0.09,0.0
Tiki Galore,pc,2,2.74,0.09,2.99
Positron,pc,2,0.0,0.09,0.0
Death Tractor,pc,2,3.66,0.09,3.99
Butsbal,pc,2,2.74,0.09,2.99
Chronicon,pc,2,9.17,0.09,9.99
Football Tactics,pc,2,13.75,0.09,14.99
DungeonRift,pc,2,9.17,0.09,9.99
Air Brawl,pc,2,0.0,0.09,0.0
Volstead,pc,2,2.74,0.09,2.99
Build n Bump,pc,2,2.74,0.09,2.99
Trackmania(r) Turbo,pc,2,36.69,0.09,39.99
Assault Corps 2,pc,1,2.74,0.09,2.99
SAGA,pc,1,0.0,0.09,0.0
The Isle,pc,2,18.34,0.09,19.99
Ground Breakers,pc,2,9.17,0.09,9.99
OVERGRAVITY,pc,2,4.58,0.09,4.99
Acaratus,pc,2,22.93,0.09,24.99
WildStar,pc,1,0.0,0.09,0.0
Splendor,pc,2,9.17,0.09,9.99
Hot Guns,pc,2,8.25,0.09,8.99
Tactical Genius,pc,2,0.0,0.09,0.0
Western Press,pc,2,4.58,0.09,4.99
Chicken Invaders 3,pc,2,4.58,0.09,4.99
Unfair Jousting Fair,pc,2,4.58,0.09,4.99
Space Drifters 2D,pc,2,0.91,0.09,0.99
Fox & Flock,pc,2,1.83,0.09,1.99
Mushihimesama,pc,2,18.34,0.09,19.99
Eternal Destiny,pc,2,9.17,0.09,9.99
Mortos,pc,2,2.47,0.09,2.69
Protocol,pc,2,0.91,0.09,0.99
Rebel Wings,pc,2,9.17,0.09,9.99
Fortify,pc,2,4.58,0.09,4.99
Nomad,pc,2,0.0,0.09,0.0
Badland Bandits,pc,2,0.0,0.09,0.0
Sumo Revise,pc,2,4.58,0.09,4.99
DELTAZEAL,pc,2,11.0,0.09,11.99
Animated Puzzles,pc,2,7.33,0.09,7.99
DOOM,pc,2,55.04,0.09,59.99
MiniOne Racing,pc,2,4.58,0.09,4.99
Hover Junkers,pc,2,32.1,0.09,34.99
Axion,pc,2,1.83,0.09,1.99
Fishing Planet,pc,2,0.0,0.09,0.0
Zombie Killtime,pc,2,3.66,0.09,3.99
Wind of Luck: Arena,pc,1,0.0,0.09,0.0
Demon Horde Master,pc,2,1.83,0.09,1.99
Teeworlds,pc,2,0.0,0.09,0.0
Bocce Revolution,pc,2,13.75,0.09,14.99
6 Nights,pc,2,3.66,0.09,3.99
Sky Rogue,pc,2,9.17,0.09,9.99
Ted by Dawn,pc,2,0.0,0.09,0.0
Dead by Daylight,pc,2,18.34,0.09,19.99
Dragon Rider,pc,2,0.0,0.09,0.0
Allods Online RU,pc,1,0.0,0.09,0.0
RC Simulation 2.0,pc,2,13.75,0.09,14.99
DRIFT 84,pc,2,2.74,0.09,2.99
Koala Kids,pc,2,2.74,0.09,2.99
Xenocide,pc,2,2.74,0.09,2.99
Dragon Saga,pc,1,0.0,0.09,0.0
Eon Altar,pc,2,6.41,0.09,6.99
Lightrise(tm),pc,2,0.91,0.09,0.99
8Bit Fiesta,pc,2,6.41,0.09,6.99
Space Xonix,pc,2,1.83,0.09,1.99
Devils Bluff,pc,2,13.75,0.09,14.99
E.T. Armies,pc,2,3.43,0.09,3.74
Relic Hunters Zero,pc,2,0.0,0.09,0.0
Piercing Blow,pc,2,0.0,0.09,0.0
Feudalism,pc,2,13.75,0.09,14.99
Vortex,pc,2,4.58,0.09,4.99
The Ship: Remasted,pc,2,18.34,0.09,19.99
Rivals of Aether,pc,2,13.75,0.09,14.99
Castles,pc,2,2.74,0.09,2.99
Impulse Revolution,pc,2,6.41,0.09,6.99
Prominence Poker,pc,2,0.0,0.09,0.0
Handball 16,pc,2,36.69,0.09,39.99
Zombie Party,pc,2,9.17,0.09,9.99
Temporal Shift,pc,2,9.17,0.09,9.99
Police Infinity,pc,2,9.17,0.09,9.99
AoF Chess Club 2.0,pc,2,9.17,0.09,9.99
The Last Warlock,pc,2,5.5,0.09,5.99
Jet Racing Extreme,pc,2,3.66,0.09,3.99
Planet Centauri,pc,2,13.75,0.09,14.99
MiniDrivers,pc,2,5.5,0.09,5.99
Galactic Conquerors,pc,2,7.33,0.09,7.99
WWE 2K16,pc,2,45.86,0.09,49.99
Tachyon Project,pc,2,9.17,0.09,9.99
Golden Rush,pc,1,0.0,0.09,0.0
Crossout,pc,1,27.51,0.09,29.99
Rise: Battle Lines,pc,2,5.5,0.09,5.99
SMITE,pc,2,0.0,0.09,0.0
Foosball: World Tour,pc,2,8.25,0.09,8.99
Dungeons & Robots,pc,2,8.25,0.09,8.99
Puzzle Strike,pc,2,13.75,0.09,14.99
Cashtronauts,pc,2,7.33,0.09,7.99
Rake,pc,2,4.58,0.09,4.99
Earth Overclocked,pc,2,7.33,0.09,7.99
Zombie Hunter Inc.,pc,2,9.17,0.09,9.99
Steel Rain,pc,2,9.17,0.09,9.99
Mold on Pizza,pc,2,9.17,0.09,9.99
Scrap Mechanic,pc,2,18.34,0.09,19.99
TankZone Battle,pc,2,8.25,0.09,8.99
Big Journey to Home,pc,2,4.58,0.09,4.99
CATS!,pc,2,9.17,0.09,9.99
Fracture the Flag,pc,2,2.74,0.09,2.99
Unnamed Fiasco,pc,2,9.17,0.09,9.99
Pocket Rumble,pc,2,9.17,0.09,9.99
NANOS,pc,2,4.58,0.09,4.99
Tic-Toc-Tower,pc,2,4.58,0.09,4.99
Knight Online,pc,1,0.0,0.09,0.0
Wild Animal Racing,pc,2,3.66,0.09,3.99
Garlock Online,pc,2,0.0,0.09,0.0
Mitos.is: The Game,pc,2,0.0,0.09,0.0
Formula Fusion,pc,2,18.34,0.09,19.99
Toilet Tycoon,pc,2,4.58,0.09,4.99
Tyler,pc,2,0.55,0.09,0.6
Steel Ocean,pc,1,0.0,0.09,0.0
Circuit Breakers,pc,2,7.33,0.09,7.99
Angry Arrows,pc,2,4.58,0.09,4.99
F1 2016,pc,2,55.04,0.09,59.99
STEEL RIVALS,pc,2,6.41,0.09,6.99
Dolguth,pc,2,5.5,0.09,5.99
Arclight Cascade,pc,2,6.41,0.09,6.99
Forgotten Lore,pc,2,9.17,0.09,9.99
Gun Rocket,pc,2,1.83,0.09,1.99
WARMODE,pc,2,0.0,0.09,0.0
Labyrinth Simulator,pc,2,4.58,0.09,4.99
Egyptian Senet,pc,2,4.58,0.09,4.99
Uebergame,pc,2,0.0,0.09,0.0
BattleSouls,pc,2,0.0,0.09,0.0
Fatal Theory,pc,2,3.66,0.09,3.99
WARSHIFT,pc,2,18.34,0.09,19.99
Lucadian Chronicles,pc,2,7.33,0.09,7.99
Gluck Auf,pc,2,3.66,0.09,3.99
Shus Garden,pc,2,4.58,0.09,4.99
Squad,pc,2,36.69,0.09,39.99
Hurtworld,pc,2,22.93,0.09,24.99
Ice Lakes,pc,2,8.94,0.09,9.74
Crazy Pixel Streaker,pc,2,9.17,0.09,9.99
Synchrom,pc,2,4.58,0.09,4.99
RoShamBo,pc,2,0.0,0.09,0.0
Get Over Here,pc,2,9.17,0.09,9.99
Trigonarium,pc,2,2.74,0.09,2.99
Atom Universe,pc,1,0.0,0.09,0.0
Battleborn,pc,2,55.04,0.09,59.99
Dance Magic,pc,2,9.17,0.09,9.99
Hearts of Iron IV,pc,2,33.02,0.09,35.99
BattleStick,pc,1,0.0,0.09,0.0
HELLDIVERS(tm),pc,2,18.34,0.09,19.99
Tower Unite,pc,1,13.75,0.09,14.99
Dead Effect 2,pc,2,5.5,0.09,5.99
Owys,pc,2,0.91,0.09,0.99
Square Brawl,pc,2,4.58,0.09,4.99
Voxel Blast,pc,2,11.0,0.09,11.99
Operation Hardcore,pc,2,5.5,0.09,5.99
We Are The Dwarves,pc,2,22.93,0.09,24.99
Inventioneers,pc,2,6.41,0.09,6.99
Armor Clash  [RTS],pc,2,9.17,0.09,9.99
Velocity Stream,pc,2,9.17,0.09,9.99
Backgammon Blitz,pc,2,3.66,0.09,3.99
`lm ryb,pc,1,50.45,0.09,54.99
The Rise of Chubtan,pc,2,7.33,0.09,7.99
Tank Battle: 1944,pc,2,9.17,0.09,9.99
CMYW,pc,2,3.66,0.09,3.99
TowerClimb,pc,2,13.75,0.09,14.99
Hover Cubes: Arena,pc,2,13.75,0.09,14.99
GRIP,pc,2,14.67,0.09,15.99
Faeria,pc,2,0.0,0.09,0.0
MachineCraft,pc,2,0.0,0.09,0.0
Looterkings,pc,2,16.5,0.09,17.99
Space Food Truck,pc,2,12.28,0.09,13.39
Shmadow,pc,2,1.83,0.09,1.99
BattleQuiz,pc,2,2.74,0.09,2.99
Super Bomb Rush!,pc,2,7.33,0.09,7.99
Lets Sing 2016,pc,2,22.93,0.09,24.99
Carnivore Land,pc,2,7.33,0.09,7.99
Evochron Legacy,pc,2,22.93,0.09,24.99
Timberman,pc,2,0.91,0.09,0.99
War of Beach,pc,2,0.0,0.09,0.0
Fasaria World Online,pc,1,9.17,0.09,9.99
Straima,pc,2,6.41,0.09,6.99
Actua Golf 3,pc,2,4.58,0.09,4.99
XNemesis,pc,2,4.58,0.09,4.99
The Prism,pc,2,4.12,0.09,4.49
Nuclear Shot,pc,2,0.91,0.09,0.99
Battle Battalions,pc,1,0.0,0.09,0.0
Mad Snowboarding,pc,2,8.25,0.09,8.99
Atari Vault,pc,2,18.34,0.09,19.99
Concrete Jungle,pc,2,11.92,0.09,12.99
Bass Blocks,pc,2,4.58,0.09,4.99
NeuroVoider,pc,2,12.83,0.09,13.99
WeaponizedChess,pc,2,18.34,0.09,19.99
WarpBall,pc,2,0.0,0.09,0.0
Bleeding Blocks,pc,2,1.83,0.09,1.99
Anode,pc,2,3.66,0.09,3.99
Birth of Shadows,pc,2,4.58,0.09,4.99
Dinosaur Hunt,pc,2,0.91,0.09,0.99
ChargeShot,pc,2,9.17,0.09,9.99
Puzzle Ball,pc,2,2.74,0.09,2.99
Lift It,pc,2,4.58,0.09,4.99
Hyperdrive Massacre,pc,2,2.28,0.09,2.49
Linkrealms,pc,1,18.34,0.09,19.99
Tabletopia,pc,2,9.17,0.09,9.99
Atlas Reactor,pc,2,0.0,0.09,0.0
Cloudrift,pc,2,9.17,0.09,9.99
SkyScrappers,pc,2,5.95,0.09,6.49
Klepto,pc,2,11.92,0.09,12.99
MotoGP(tm)15 Compact,pc,2,9.17,0.09,9.99
Tracks and Turrets,pc,2,10.08,0.09,10.99
BADBLOOD,pc,2,7.33,0.09,7.99
Curvatron,pc,2,0.91,0.09,0.99
Carrotting Brain,pc,2,8.25,0.09,8.99
SUPERFIGHT,pc,2,9.17,0.09,9.99
Ragdoll Runners,pc,2,4.58,0.09,4.99
Emergency 2016,pc,2,36.69,0.09,39.99
Dangerous Golf,pc,2,18.34,0.09,19.99
Jet Set Knights,pc,2,4.12,0.09,4.49
Combat Core,pc,2,14.67,0.09,15.99
Astral Breakers,pc,2,4.58,0.09,4.99
DesertLand 2115,pc,2,2.28,0.09,2.49
Twilight Struggle,pc,2,13.75,0.09,14.99
Lighthockey,pc,2,1.83,0.09,1.99
Axes and Arrows,pc,2,9.17,0.09,9.99
Minigolf VR,pc,2,18.34,0.09,19.99
FL337 - Fleet,pc,2,9.17,0.09,9.99
Crush Your Enemies,pc,2,9.17,0.09,9.99
Epic Showdown,pc,2,4.58,0.09,4.99
Dub Dash,pc,2,4.58,0.09,4.99
AltspaceVR,pc,2,0.0,0.09,0.0
Club Manager 2016,pc,2,22.93,0.09,24.99
Devilian,pc,1,0.0,0.09,0.0
Indie Game Battle,pc,2,9.17,0.09,9.99
R.B.I. Baseball 16,pc,2,18.34,0.09,19.99
Dungeons Of Kragmor,pc,2,0.91,0.09,0.99
Space Overlords,pc,2,7.33,0.09,7.99
ORION,pc,2,0.91,0.09,0.99
Code of Princess,pc,2,13.75,0.09,14.99
Unfortunate Spacemen,pc,2,13.75,0.09,14.99
Zombasite,pc,2,18.34,0.09,19.99
Clumsy Moose Season,pc,2,2.74,0.09,2.99
Genesis Online,pc,2,0.0,0.09,0.0
No1Left,pc,2,8.25,0.09,8.99
One Final Chaos,pc,2,4.58,0.09,4.99
Rumble,pc,2,4.58,0.09,4.99
Liftoff,pc,2,18.34,0.09,19.99
HEX: Shards of Fate,pc,2,0.0,0.09,0.0
Master of Orion 1,pc,2,5.5,0.09,5.99
Master of Orion 2,pc,2,5.5,0.09,5.99
Galaxy Admirals,pc,2,1.83,0.09,1.99
Men of Valor,pc,2,9.17,0.09,9.99
Hybrid Wars,pc,2,0.0,0.09,0.0
Quantum Lock,pc,2,5.5,0.09,5.99
Brick Inventions,pc,2,6.41,0.09,6.99
HordeZ,pc,2,14.67,0.09,15.99
Labyrinth,pc,2,9.17,0.09,9.99
Castle Chaos,pc,2,7.33,0.09,7.99
The Black Death,pc,2,18.34,0.09,19.99
Bullet Heaven 2,pc,2,11.0,0.09,11.99
Drift Streets Japan,pc,2,4.58,0.09,4.99
Mytheon,pc,1,9.17,0.09,9.99
Rocket Fist,pc,2,8.25,0.09,8.99
The Extinction,pc,2,2.74,0.09,2.99
Recourse,pc,2,36.69,0.09,39.99
Krosmaster Arena,pc,2,0.0,0.09,0.0
Junk Jack,pc,2,13.75,0.09,14.99
Raining Blobs,pc,2,9.17,0.09,9.99
5089: The Action RPG,pc,2,5.5,0.09,5.99
Epic Clicker Journey,pc,2,0.0,0.09,0.0
Corgi Warlock,pc,2,0.9,0.09,0.98
Pang Adventures,pc,2,9.17,0.09,9.99
Feesh,pc,2,0.91,0.09,0.99
Star Crusade CCG,pc,2,0.0,0.09,0.0
OmniBus,pc,2,9.17,0.09,9.99
Lightbender,pc,2,2.74,0.09,2.99
Gun Bombers,pc,2,7.33,0.09,7.99
Vehicle Simulator,pc,2,22.94,0.09,25.0
Space Impossible,pc,2,7.33,0.09,7.99
The Lost Island,pc,2,8.25,0.09,8.99
MiniBikers,pc,2,5.5,0.09,5.99
Tacopocalypse,pc,2,9.17,0.09,9.99
Gunslingers,pc,2,0.0,0.09,0.0
Oh...Sir!,pc,2,0.0,0.09,0.0
Color By,pc,2,9.17,0.09,9.99
Astral Gun,pc,2,1.83,0.09,1.99
Moto Racer  4,pc,2,27.51,0.09,29.99
Apotheon Arena,pc,2,0.0,0.09,0.0
Upwards Lonely Robot,pc,2,9.17,0.09,9.99
Tempest,pc,2,13.75,0.09,14.99
Gumball Drift,pc,2,18.34,0.09,19.99
RWBY: Grimm Eclipse,pc,2,18.34,0.09,19.99
Gurgamoth,pc,2,4.58,0.09,4.99
SculptrVR,pc,2,18.34,0.09,19.99
The TakeOver,pc,2,5.5,0.09,5.99
Wishmere,pc,2,11.0,0.09,11.99
Vector Strain,pc,2,3.2,0.09,3.49
Lifeless,pc,2,18.34,0.09,19.99
Cubixx HD,pc,2,8.25,0.09,8.99
Elite vs. Freedom,pc,2,11.92,0.09,12.99
StarBreak,pc,1,0.0,0.09,0.0
Mech Anarchy,pc,2,7.33,0.09,7.99
CHKN,pc,2,13.75,0.09,14.99
RoBoRumble,pc,2,5.5,0.09,5.99
Catch Me,pc,2,5.5,0.09,5.99
Quatros Origins,pc,2,4.58,0.09,4.99
ReVeN: XBridge,pc,2,9.17,0.09,9.99
Wand Wars,pc,2,11.0,0.09,11.99
Wacky Wheels HD,pc,2,9.17,0.09,9.99
VR Karts SteamVR,pc,2,13.75,0.09,14.99
Holodance,pc,2,9.17,0.09,9.99
Divergence: Online,pc,1,27.51,0.09,29.99
T-Kara Puzzles,pc,2,2.74,0.09,2.99
ZHEROS,pc,2,9.17,0.09,9.99
Trainz Driver 2016,pc,2,18.34,0.09,19.99
Air Missions: HIND,pc,2,15.59,0.09,16.99
HERO DEFENSE,pc,2,13.75,0.09,14.99
Hyper Gods,pc,2,0.0,0.09,0.0
Automata Empire,pc,2,8.25,0.09,8.99
Marooners,pc,2,8.34,0.09,9.09
BanHammer,pc,2,2.74,0.09,2.99
Fragmental,pc,2,13.75,0.09,14.99
Farm Expert 2017,pc,2,18.34,0.09,19.99
Bell Ringer,pc,2,6.41,0.09,6.99
Galactineers,pc,2,9.17,0.09,9.99
ScudBuster,pc,2,4.58,0.09,4.99
Assassins vs Pirates,pc,2,7.33,0.09,7.99
Super Button Soccer,pc,2,6.41,0.09,6.99
Ghostbusters(tm),pc,2,45.86,0.09,49.99
Dragonpath,pc,2,4.91,0.09,5.35
Periodonica,pc,2,22.93,0.09,24.99
Full Tilt Poker,pc,2,0.0,0.09,0.0
Bubsy Two-Fur,pc,2,4.58,0.09,4.99
Moonshot,pc,2,11.0,0.09,11.99
Age of Magic CCG,pc,1,0.0,0.09,0.0
8-Bit Armies,pc,2,13.75,0.09,14.99
FritzChess 15,pc,2,59.62,0.09,64.99
Factorio,pc,2,18.35,0.09,20.0
Whos Your Daddy,pc,2,4.58,0.09,4.99
Felt Tip Circus,pc,2,7.33,0.09,7.99
Islet Online,pc,1,22.93,0.09,24.99
MadOut Open City,pc,2,7.33,0.09,7.99
Swift,pc,2,5.5,0.09,5.99
Hauntsters,pc,2,4.58,0.09,4.99
Endorlight,pc,2,2.74,0.09,2.99
Neon Chrome,pc,2,13.75,0.09,14.99
CONTASION 2,pc,2,6.41,0.09,6.99
Lost World Zero,pc,1,9.17,0.09,9.99
Feed and Grow: Fish,pc,2,13.75,0.09,14.99
Zamarian,pc,2,4.58,0.09,4.99
Cyborg Rage,pc,2,2.74,0.09,2.99
XenoShyft,pc,2,9.17,0.09,9.99
Falcon 4.0,pc,2,6.41,0.09,6.99
Dungeon Rushers,pc,2,13.75,0.09,14.99
Spellweaver,pc,1,0.0,0.09,0.0
Astro Duel,pc,2,3.2,0.09,3.49
Wondershot,pc,2,11.92,0.09,12.99
Grass Max,pc,2,3.66,0.09,3.99
Shmups Skill Test,pc,2,4.58,0.09,4.99
Of Kings And Men,pc,2,22.93,0.09,24.99
DEFENDERS,pc,2,0.91,0.09,0.99
WolfQuest,pc,2,9.17,0.09,9.99
Mushroom Wars,pc,2,9.17,0.09,9.99
Alchemists Awakening,pc,2,14.67,0.09,15.99
Automobilista,pc,2,36.69,0.09,39.99
Rivalry,pc,2,2.74,0.09,2.99
AfterShock: OUTBREAK,pc,1,0.0,0.09,0.0
Axe Bow & Staff,pc,2,9.17,0.09,9.99
Elemental Heroes,pc,1,0.0,0.09,0.0
Grenade Madness,pc,2,9.17,0.09,9.99
Mimic Arena,pc,2,7.33,0.09,7.99
Special Tactics,pc,2,9.17,0.09,9.99
INVERSUS,pc,2,13.75,0.09,14.99
Rhinos Rage,pc,2,6.41,0.09,6.99
Heliborne,pc,2,9.17,0.09,9.99
Premium Pool,pc,2,0.0,0.09,0.0
Masked Shooters 2,pc,2,0.91,0.09,0.99
Simutrans,pc,2,0.0,0.09,0.0
Blood and Bacon,pc,2,0.82,0.09,0.89
Lost Castle,pc,2,9.17,0.09,9.99
Half Dead,pc,2,1.83,0.09,1.99
Planet 1138,pc,2,5.5,0.09,5.99
Eight Mini Racers,pc,2,0.91,0.09,0.99
NotCoD(tm),pc,2,4.58,0.09,4.99
Pierhead Arcade,pc,2,9.17,0.09,9.99
My Tower My Home,pc,2,6.41,0.09,6.99
Governor of Poker 3,pc,2,0.0,0.09,0.0
Detached,pc,2,18.34,0.09,19.99
Ultimate Arena,pc,2,10.23,0.09,11.15
Beyond The Destiny,pc,1,8.25,0.09,8.99
Soup: the Game,pc,2,1.83,0.09,1.99
Line of Sight,pc,2,9.17,0.09,9.99
Bullshot,pc,2,1.83,0.09,1.99
Kings and Heroes,pc,2,18.34,0.09,19.99
Tank Brawl,pc,2,3.66,0.09,3.99
The Culling,pc,2,13.75,0.09,14.99
Toys of War,pc,2,13.75,0.09,14.99
Project Graviton,pc,2,1.83,0.09,1.99
Party Jousting,pc,2,0.0,0.09,0.0
Tricky Towers,pc,2,13.75,0.09,14.99
Dead6hot,pc,2,0.91,0.09,0.99
Shakes and Fidget,pc,1,0.0,0.09,0.0
Surfingers,pc,2,1.83,0.09,1.99
Star Realms,pc,2,0.0,0.09,0.0
LILT,pc,2,4.58,0.09,4.99
SCORE,pc,1,9.17,0.09,9.99
Soccer Manager,pc,1,0.0,0.09,0.0
One Troll Army,pc,2,0.0,0.09,0.0
Random Access Murder,pc,2,2.74,0.09,2.99
Legends of Callasia,pc,2,0.0,0.09,0.0
Of Carrots And Blood,pc,2,2.74,0.09,2.99
XO-Planets,pc,2,7.33,0.09,7.99
Eclipsed,pc,2,5.5,0.09,5.99
Risky Rescue,pc,2,0.91,0.09,0.99
bit Dungeon+,pc,2,3.66,0.09,3.99
Overpower,pc,2,8.25,0.09,8.99
1943 Megami Strike,pc,2,8.25,0.09,8.99
Fragmented,pc,2,9.17,0.09,9.99
Drawful 2,pc,2,9.17,0.09,9.99
Riders of Icarus,pc,1,0.0,0.09,0.0
Iron Madness,pc,2,0.0,0.09,0.0
UFO Online: Invasion,pc,1,0.0,0.09,0.0
Vega Tank,pc,2,4.58,0.09,4.99
LASTFIGHT,pc,2,13.75,0.09,14.99
Chicku,pc,2,1.83,0.09,1.99
Riptide GP: Renegade,pc,2,13.75,0.09,14.99
Techwars Online,pc,1,9.17,0.09,9.99
Tankr,pc,2,11.0,0.09,11.99
Broken Dreams,pc,2,1.83,0.09,1.99
SpellKnights,pc,2,0.0,0.09,0.0
Bloons TD Battles,pc,2,0.0,0.09,0.0
Concrete and Steel,pc,2,11.92,0.09,12.99
Combat Racers,pc,2,6.41,0.09,6.99
Death Stair,pc,2,4.58,0.09,4.99
Zaccaria Pinball,pc,2,0.0,0.09,0.0
Paintey,pc,2,9.17,0.09,9.99
Tatsu,pc,2,9.17,0.09,9.99
Toy Plane Heroes,pc,2,11.92,0.09,12.99
Operation KREEP,pc,2,2.74,0.09,2.99
Mantis Burn Racing,pc,2,11.92,0.09,12.99
Glitchrunners,pc,2,11.92,0.09,12.99
XLR,pc,2,4.58,0.09,4.99
Shattered Skies,pc,1,22.93,0.09,24.99
Day of Infamy,pc,2,18.34,0.09,19.99
XCavalypse,pc,2,5.5,0.09,5.99
Red Risk,pc,2,0.91,0.09,0.99
Fibbage XL,pc,2,9.17,0.09,9.99
AsteroidsHD,pc,2,0.91,0.09,0.99
Hybrid Animals,pc,2,6.41,0.09,6.99
GIBZ,pc,2,4.58,0.09,4.99
Overcooked,pc,2,15.59,0.09,16.99
Deranged Rabbits,pc,2,4.58,0.09,4.99
Draw Rider,pc,2,1.83,0.09,1.99
GEO Master,pc,2,2.74,0.09,2.99
VirZOOM Arcade,pc,2,0.0,0.09,0.0
Spells n Stuff,pc,2,7.33,0.09,7.99
Istrolid,pc,2,0.0,0.09,0.0
Dino Eggs: Rebirth,pc,2,9.17,0.09,9.99
Grid Masters,pc,2,6.41,0.09,6.99
Minis Magic World,pc,2,6.41,0.09,6.99
Chicken Invaders 2,pc,2,3.66,0.09,3.99
Capitalism Plus,pc,2,5.5,0.09,5.99
Bullet Force,pc,2,0.0,0.09,0.0
Assault on Arnhem,pc,2,9.17,0.09,9.99
Metris Soccer,pc,2,10.08,0.09,10.99
Rocket Shooter,pc,2,6.41,0.09,6.99
Wartune,pc,1,0.0,0.09,0.0
CounterAttack,pc,2,7.33,0.09,7.99
Out of Ammo,pc,2,18.34,0.09,19.99
One Clone Left,pc,2,7.33,0.09,7.99
Party Saboteurs,pc,2,9.17,0.09,9.99
Koihime Enbu,pc,2,36.69,0.09,39.99
Powargrid,pc,2,0.0,0.09,0.0
Destinations,pc,2,0.0,0.09,0.0
Madness Cubed,pc,1,5.5,0.09,5.99
MiniGolf Mania,pc,2,2.74,0.09,2.99
TableTop Soccer,pc,2,4.58,0.09,4.99
Last Will,pc,2,11.92,0.09,12.99
Boundel,pc,1,0.91,0.09,0.99
Warbit,pc,2,0.91,0.09,0.99
CrazyCars3D,pc,2,2.74,0.09,2.99
The HinterLands,pc,2,2.74,0.09,2.99
Rally Copters,pc,2,6.41,0.09,6.99
Age of Cavemen,pc,1,0.0,0.09,0.0
Demons Crystals,pc,2,9.17,0.09,9.99
World Of Undead,pc,2,9.17,0.09,9.99
Atriage,pc,2,9.17,0.09,9.99
Project Starship,pc,2,0.91,0.09,0.99
Stay Close,pc,2,0.0,0.09,0.0
PAC-MAN 256,pc,2,4.58,0.09,4.99
YamaYama,pc,2,6.41,0.09,6.99
Domain Defense,pc,2,8.25,0.09,8.99
Smash Pixel Racing,pc,2,2.74,0.09,2.99
Flag N Frag,pc,2,2.74,0.09,2.99
Dual Core,pc,2,4.58,0.09,4.99
StarsOne,pc,2,9.17,0.09,9.99
HoloBall,pc,2,9.17,0.09,9.99
Moustache Mountain,pc,2,1.83,0.09,1.99
Bigscreen Beta,pc,2,0.0,0.09,0.0
SpiritSphere,pc,2,4.58,0.09,4.99
Plastic Playground,pc,2,0.0,0.09,0.0
Xenoraid,pc,2,0.0,0.09,0.0
Nanotris,pc,2,6.41,0.09,6.99
Blade Ballet,pc,2,13.75,0.09,14.99
Rolld,pc,2,0.45,0.09,0.49
PICO PARK,pc,2,4.58,0.09,4.99
SurrealVR,pc,1,0.0,0.09,0.0
Riding Out,pc,1,18.34,0.09,19.99
Massive,pc,2,9.17,0.09,9.99
Protonwar,pc,2,13.75,0.09,14.99
Drone Racing,pc,2,9.17,0.09,9.99
Forge of Gods (RPG),pc,1,0.0,0.09,0.0
Cyberpong VR,pc,2,13.75,0.09,14.99
3 Coins At School,pc,2,4.58,0.09,4.99
Sweet Escape VR,pc,2,18.34,0.09,19.99
Super Kaiju,pc,2,18.34,0.09,19.99
Cricket Captain 2016,pc,2,22.93,0.09,24.99
Hero Battle,pc,2,9.17,0.09,9.99
Super Blue Fighter,pc,2,0.91,0.09,0.99
Codex of Victory,pc,2,9.17,0.09,9.99
BloodGate,pc,2,8.25,0.09,8.99
Vroomist,pc,2,6.41,0.09,6.99
Pitfall Planet,pc,2,9.17,0.09,9.99
EXZEAL,pc,2,11.0,0.09,11.99
TRIZEAL Remix,pc,2,11.0,0.09,11.99
Project G,pc,2,7.33,0.09,7.99
THE LAST BLADE,pc,2,9.17,0.09,9.99
Shaolin vs Wutang,pc,2,11.92,0.09,12.99
Super Cube Smash,pc,2,9.17,0.09,9.99
Warriors Wrath,pc,2,6.41,0.09,6.99
Dont Crawl,pc,2,8.25,0.09,8.99
Worm.is: The Game,pc,2,0.0,0.09,0.0
God of Word,pc,2,0.0,0.09,0.0
Trappers Delight,pc,2,9.17,0.09,9.99
Zero G Arena,pc,2,0.0,0.09,0.0
SWORDY,pc,2,13.75,0.09,14.99
EPThCH,pc,2,13.75,0.09,14.99
Trap House,pc,2,9.17,0.09,9.99
VR Regatta,pc,2,0.0,0.09,0.0
Mini Golf Mundo,pc,2,4.58,0.09,4.99
Blind Trust,pc,2,0.0,0.09,0.0
The Concourse,pc,2,9.17,0.09,9.99
Arkshot,pc,2,4.58,0.09,4.99
Shattered Throne,pc,2,7.33,0.09,7.99
hackmud,pc,1,0.0,0.09,0.0
Spellgear,pc,2,18.34,0.09,19.99
Funklift,pc,2,9.17,0.09,9.99
WarFire,pc,2,0.0,0.09,0.0
Dont Drop the Bass,pc,2,2.74,0.09,2.99
Rec Room,pc,2,0.0,0.09,0.0
Rocket Ski Racing,pc,2,4.58,0.09,4.99
Ortus Regni,pc,2,0.0,0.09,0.0
HELP: THE GAME,pc,2,13.75,0.09,14.99
Bullet Life 2010,pc,2,1.83,0.09,1.99
Killbot,pc,1,1.83,0.09,1.99
Airship Asunder,pc,2,9.17,0.09,9.99
Pixel Day - Gun Z,pc,2,0.91,0.09,0.99
Kalonline,pc,1,0.0,0.09,0.0
Human: Fall Flat,pc,2,13.75,0.09,14.99
Chamber 19,pc,2,13.75,0.09,14.99
Shard Games,pc,2,8.25,0.09,8.99
Magma Tsunami,pc,2,0.91,0.09,0.99
Mansions of Madness,pc,2,0.0,0.09,0.0
Drunk Wizards,pc,2,7.33,0.09,7.99
Space Universe,pc,2,13.75,0.09,14.99
Floppy Heroes,pc,2,1.92,0.09,2.09
Dogfight Elite,pc,2,18.34,0.09,19.99
Mini Thief,pc,2,3.66,0.09,3.99
Hero Zero,pc,1,0.0,0.09,0.0
Guns N Boxes,pc,2,0.0,0.09,0.0
Battle Dome,pc,2,13.75,0.09,14.99
Crazy Otto,pc,2,6.41,0.09,6.99
Cthulhu Realms,pc,2,0.0,0.09,0.0
Talent Not Included,pc,2,11.92,0.09,12.99
Head Shot,pc,2,1.83,0.09,1.99
Mad Combat Marines,pc,2,0.54,0.09,0.59
Citadel,pc,2,2.74,0.09,2.99
Pick a Hero,pc,2,0.91,0.09,0.99
Square Arena,pc,2,11.0,0.09,11.99
Spooky Heroes,pc,2,4.58,0.09,4.99
TOKYO WARFARE,pc,2,13.75,0.09,14.99
Beasts Battle,pc,2,0.91,0.09,0.99
Trials of Azra,pc,2,8.25,0.09,8.99
Spaera,pc,2,9.17,0.09,9.99
Totally Unbalanced,pc,2,3.66,0.09,3.99
Ludo Supremo,pc,2,2.74,0.09,2.99
Gun Done,pc,2,0.91,0.09,0.99
The Karters,pc,2,0.0,0.09,0.0
Dream Car Racing 3D,pc,2,0.0,0.09,0.0
Fly OClock,pc,2,0.45,0.09,0.49
Robot Legions Reborn,pc,2,1.83,0.09,1.99
Aiball,pc,2,1.83,0.09,1.99
Duckie Dash,pc,2,9.17,0.09,9.99
Take Thy Throne,pc,1,3.66,0.09,3.99
Pixel Cup Soccer 17,pc,2,9.17,0.09,9.99
Throne Rushers,pc,2,1.83,0.09,1.99
Battle Knights,pc,2,2.74,0.09,2.99
Ballistic Tanks,pc,2,0.0,0.09,0.0
World VR Competition,pc,2,13.75,0.09,14.99
Ragnarok Clicker,pc,2,0.0,0.09,0.0
Thanatos,pc,1,0.0,0.09,0.0
VR Disc Golf,pc,2,9.17,0.09,9.99
Fairyland: Incursion,pc,2,2.74,0.09,2.99
Rivais Em Batalha,pc,2,0.0,0.09,0.0
Splash Bash,pc,2,13.75,0.09,14.99
WARZONE,pc,2,2.74,0.09,2.99
Bowl VR,pc,2,6.41,0.09,6.99
VeeR Pong,pc,2,9.17,0.09,9.99
Baskhead,pc,2,4.58,0.09,4.99
Divided We Fall,pc,2,11.92,0.09,12.99
Lance A Lot,pc,2,0.0,0.09,0.0
Onward,pc,2,22.93,0.09,24.99
Paddle Up,pc,2,9.17,0.09,9.99
Running Gods,pc,2,4.12,0.09,4.49
M.EXE,pc,2,13.75,0.09,14.99
Search & Kill,pc,2,3.66,0.09,3.99
Locus Solus,pc,1,0.0,0.09,0.0
Brick Battalion,pc,2,9.17,0.09,9.99
MIGHT,pc,2,4.58,0.09,4.99
GravPool,pc,2,8.25,0.09,8.99
Project Hovercraft,pc,2,13.75,0.09,14.99
8-Bit Hordes,pc,2,13.75,0.09,14.99
Zezenia Online,pc,1,0.0,0.09,0.0
Doodle WHAT?!,pc,2,9.17,0.09,9.99
Jurassic Survival,pc,2,8.25,0.09,8.99
AquaNimble,pc,2,0.0,0.09,0.0
SurvHive,pc,2,13.75,0.09,14.99
Crystal Control II,pc,2,2.74,0.09,2.99
Ascension VR,pc,2,9.17,0.09,9.99
Cubic complex,pc,2,0.91,0.09,0.99
Moribund,pc,2,6.41,0.09,6.99
Endangered,pc,2,4.58,0.09,4.99
Axis Football 2016,pc,2,18.34,0.09,19.99
Space Ribbon,pc,2,11.92,0.09,12.99
Dropship Down,pc,2,4.58,0.09,4.99
Super Markup Man,pc,2,3.66,0.09,3.99
Strike.is: The Game,pc,2,0.0,0.09,0.0
Legends of Azulgar,pc,1,0.0,0.09,0.0
Dungeon Punks,pc,2,13.75,0.09,14.99
Samurai Wars,pc,2,1.83,0.09,1.99
Dig 4 Destruction,pc,2,11.0,0.09,11.99
Mahluk:Dark demon,pc,2,1.83,0.09,1.99
Elven Assassin,pc,2,5.13,0.09,5.59
Will of the Gods,pc,2,2.74,0.09,2.99
The Gods Chain,pc,2,7.33,0.09,7.99
Hover Havoc,pc,2,9.17,0.09,9.99
Grid Legion Storm,pc,2,5.5,0.09,5.99
Blockships,pc,2,6.41,0.09,6.99
King of Spin VR,pc,2,27.51,0.09,29.99
Shop Heroes,pc,2,0.0,0.09,0.0
Party Panic,pc,2,15.59,0.09,16.99
BlackSmith HIT,pc,2,0.91,0.09,0.99
Painted Legend,pc,2,4.58,0.09,4.99
Flat Heroes,pc,2,13.75,0.09,14.99
Pinga Ponga,pc,2,2.74,0.09,2.99
Worldy Cup,pc,2,9.17,0.09,9.99
Forgotten Heroes,pc,2,0.91,0.09,0.99
Super Destronaut,pc,2,1.83,0.09,1.99
Big Bang Empire,pc,1,0.0,0.09,0.0
Evolvation,pc,2,18.34,0.09,19.99
DodgeBall Blitz,pc,2,13.75,0.09,14.99
Adventure Of Thieves,pc,2,4.58,0.09,4.99
Tablemen,pc,2,0.0,0.09,0.0
ONRAID,pc,1,9.17,0.09,9.99
Box Maze,pc,2,2.19,0.09,2.39
MOTORGUN,pc,2,9.17,0.09,9.99
Unbox,pc,2,14.67,0.09,15.99
IACTURA,pc,2,0.91,0.09,0.99
Kuboom,pc,2,0.0,0.09,0.0
Path of War,pc,1,0.0,0.09,0.0
Panzer Warfare,pc,2,1.83,0.09,1.99
Alpha Decay,pc,2,11.0,0.09,11.99
Oh No! Bugs!,pc,2,4.58,0.09,4.99
GunWorld 2,pc,2,7.33,0.09,7.99
Gun Brothers,pc,2,9.17,0.09,9.99
Fantastic Checkers 2,pc,2,1.83,0.09,1.99
TankYou!,pc,2,0.0,0.09,0.0
Orake 2D MMORPG,pc,1,0.0,0.09,0.0
Chaos Of Hearts,pc,1,4.12,0.09,4.49
Virtual Warfighter,pc,2,22.93,0.09,24.99
Tank Tread,pc,2,9.17,0.09,9.99
Cowbots and Aliens,pc,2,0.0,0.09,0.0
Redout,pc,2,32.1,0.09,34.99
XMODULE,pc,2,8.25,0.09,8.99
Tuebor,pc,1,0.0,0.09,0.0
Blind Blades,pc,2,4.58,0.09,4.99
Black Forest,pc,2,0.0,0.09,0.0
Footbrawl Playground,pc,2,5.5,0.09,5.99
Loot or Die,pc,2,1.09,0.09,1.19
Thick Air,pc,2,7.33,0.09,7.99
Brawlderdash,pc,2,2.74,0.09,2.99
Adventurous Life VR,pc,2,16.32,0.09,17.79
MY FIGHT,pc,2,0.0,0.09,0.0
Chess Knight 2,pc,2,4.58,0.09,4.99
What The Box?,pc,2,3.66,0.09,3.99
Cockroach Simulator,pc,2,0.0,0.09,0.0
Diesel Guns,pc,2,2.74,0.09,2.99
NBA 2K17,pc,2,55.04,0.09,59.99
Rogue Operatives,pc,2,0.0,0.09,0.0
Osiris: New Dawn,pc,1,0.0,0.09,0.0
Chalo Chalo,pc,2,0.0,0.09,0.0
CLASH,pc,2,45.86,0.09,49.99
Formicide,pc,2,7.42,0.09,8.09
Paladins,pc,2,0.0,0.09,0.0
Smash Up,pc,2,0.0,0.09,0.0
GraveRun,pc,2,8.25,0.09,8.99
Final Days,pc,2,0.0,0.09,0.0
Deceit,pc,2,0.0,0.09,0.0
Ancient Go,pc,2,4.58,0.09,4.99
Pandum online,pc,1,0.0,0.09,0.0
Meadow,pc,2,0.0,0.09,0.0
Astroflux,pc,1,0.0,0.09,0.0
Conga Master,pc,2,9.17,0.09,9.99
Ortus Arena,pc,2,0.0,0.09,0.0
Laser Lasso BALL,pc,2,3.66,0.09,3.99
Gunnihilation,pc,2,13.75,0.09,14.99
Rollout,pc,2,0.0,0.09,0.0
Shotgun Raiders,pc,2,9.17,0.09,9.99
CHEXS,pc,2,7.33,0.09,7.99
So Many Cubes,pc,2,0.0,0.09,0.0
Legends of Time,pc,2,3.89,0.09,4.24
POLYCRUSHER,pc,2,0.0,0.09,0.0
Drop Out 0,pc,2,5.5,0.09,5.99
8infinity,pc,2,0.82,0.09,0.89
Cranium Conundrum,pc,2,4.94,0.09,5.39
Bad ass babes,pc,2,9.17,0.09,9.99
Kyurinagas Revenge,pc,2,0.0,0.09,0.0
Beyond Power VR,pc,2,0.0,0.09,0.0
Pixel-Warfare: Pro,pc,2,4.58,0.09,4.99
ShapeRockets,pc,2,0.0,0.09,0.0
Wheres My What?,pc,2,4.12,0.09,4.49
Hired Ops,pc,2,9.17,0.09,9.99
Nova Blitz,pc,2,0.0,0.09,0.0
Stellar Overload,pc,2,18.34,0.09,19.99
Business Tour,pc,2,0.0,0.09,0.0
Bugspeed Collider,pc,2,4.58,0.09,4.99
Blockpocalypse,pc,2,9.17,0.09,9.99
Infinite Minigolf,pc,2,13.75,0.09,14.99
Shadowverse,pc,2,0.0,0.09,0.0
High Octane Drift,pc,1,0.0,0.09,0.0
Winning Putt,pc,2,0.0,0.09,0.0
Birdsketball,pc,2,4.58,0.09,4.99
Space Jammers,pc,2,0.0,0.09,0.0
Hide and Shriek,pc,2,4.39,0.09,4.79
Hat Trick Header,pc,2,9.17,0.09,9.99
Astral Heroes,pc,1,0.0,0.09,0.0
Overdriven Reloaded,pc,2,8.25,0.09,8.99
White Noise 2,pc,2,0.0,0.09,0.0
Anyland,pc,1,11.0,0.09,11.99
Super Grav,pc,2,0.0,0.09,0.0
World of Golf,pc,2,13.75,0.09,14.99
Hunger Dungeon,pc,2,0.0,0.09,0.0
Climbey,pc,2,7.79,0.09,8.49
Drive on Moscow,pc,2,0.0,0.09,0.0
The Fishing Club 3D,pc,2,0.0,0.09,0.0
BANG BANG BANG!,pc,2,0.0,0.09,0.0
Galaxy of Trian,pc,2,9.17,0.09,9.99
Janken Cards,pc,2,4.58,0.09,4.99
DOPAMINE,pc,2,3.66,0.09,3.99
12 orbits,pc,2,1.37,0.09,1.49
VR The Diner Duo,pc,2,0.0,0.09,0.0
Sophies Guardian,pc,2,6.18,0.09,6.74
emoj.io,pc,1,0.0,0.09,0.0
Polygod,pc,2,9.17,0.09,9.99
Fast Action Hero,pc,2,11.0,0.09,11.99
Fire in the Goal,pc,2,0.0,0.09,0.0
Climbtime,pc,2,0.0,0.09,0.0
WAR7,pc,2,0.0,0.09,0.0
JumpBall,pc,2,1.83,0.09,1.99
Feel The Snow,pc,2,8.25,0.09,8.99
Party Golf,pc,2,0.0,0.09,0.0
My Mom is a Witch,pc,2,0.0,0.09,0.0
Racecar.io,pc,1,0.0,0.09,0.0
Starfighter Arduxim,pc,2,2.93,0.09,3.19
Dawn of Warriors,pc,2,4.58,0.09,4.99
Clickdraw Clicker,pc,2,0.91,0.09,0.99
Super Puzzle Sisters,pc,2,7.33,0.09,7.99
Pumpkin SculptrVR,pc,2,0.0,0.09,0.0
Hover Hazard,pc,2,1.37,0.09,1.49
Brief Karate Foolish,pc,2,0.0,0.09,0.0
Vanguards,pc,2,0.0,0.09,0.0
Pixel Soccer,pc,2,0.0,0.09,0.0
Stellar Stars,pc,2,0.0,0.09,0.0
Ball of Wonder,pc,2,2.19,0.09,2.39
Emergency 2017,pc,2,33.02,0.09,35.99
Evil Orbs,pc,2,3.66,0.09,3.99
Killing Zombies,pc,2,2.74,0.09,2.99
Brumm,pc,2,0.0,0.09,0.0
Slap The Fly,pc,2,0.0,0.09,0.0
Septic Savages,pc,2,0.0,0.09,0.0
Celestial Breach,pc,2,0.0,0.09,0.0
Dofus,pc,1,0.0,0.09,0.0
DeathCrank,pc,2,0.0,0.09,0.0
Siegecraft Commander,pc,2,0.0,0.09,0.0
Gods and Idols,pc,1,0.0,0.09,0.0
Melon Simulator,pc,2,9.17,0.09,9.99
Mindball Play,pc,2,6.41,0.09,6.99
Wincars Racer,pc,2,11.0,0.09,11.99
Quantum Chess,pc,2,0.0,0.09,0.0
Spider Wars,pc,2,13.75,0.09,14.99
FrightShow Fighter,pc,2,9.17,0.09,9.99
Steep,pc,2,55.04,0.09,59.99
Last Survivor,pc,2,11.92,0.09,12.99
Runbow,pc,2,13.75,0.09,14.99
Genital Jousting,pc,2,4.58,0.09,4.99
Emberdoom,pc,2,9.17,0.09,9.99
Angeldust,pc,1,0.0,0.09,0.0
ConflictCraft,pc,2,1.92,0.09,2.09
Bicyclism EP,pc,2,7.33,0.09,7.99
Project Lounge,pc,2,5.5,0.09,5.99
Unreal Heroes,pc,2,9.17,0.09,9.99
Crate Punks,pc,2,0.91,0.09,0.99
NBA 2KVR Experience,pc,2,13.75,0.09,14.99
INTERSHELTER,pc,1,11.92,0.09,12.99
Garden Wars,pc,2,4.58,0.09,4.99
Handball 17,pc,2,41.28,0.09,44.99
DonutsnJustice,pc,2,4.58,0.09,4.99
Patchwork,pc,2,3.2,0.09,3.49
Drunkn Bar Fight,pc,2,11.0,0.09,11.99
Operation: New Earth,pc,1,0.0,0.09,0.0
SosSurvival,pc,2,0.0,0.09,0.0
Slymes,pc,2,9.17,0.09,9.99
Smashbox Arena,pc,2,22.01,0.09,23.99
Eternal Card Game,pc,2,0.0,0.09,0.0
ComPet,pc,2,0.0,0.09,0.0
4Team,pc,2,7.33,0.09,7.99
3D Chess,pc,2,7.33,0.09,7.99
Grimm: Dark Legacy,pc,1,13.75,0.09,14.99
Groggers!,pc,2,3.66,0.09,3.99
EVE: Valkyrie,pc,2,55.04,0.09,59.99
Fiery Disaster,pc,2,3.66,0.09,3.99
Space Cat,pc,2,4.58,0.09,4.99
Commercium,pc,2,18.34,0.09,19.99
Nodiatis,pc,1,0.0,0.09,0.0
TZOMPANTLI,pc,2,13.75,0.09,14.99
Crumbled World,pc,2,13.75,0.09,14.99
Tyto Online,pc,1,22.93,0.09,24.99
CountDown,pc,2,5.5,0.09,5.99
Oscar Mike VR,pc,2,18.34,0.09,19.99
Star-Twine,pc,2,6.41,0.09,6.99
Eradicated(tm),pc,2,0.0,0.09,0.0
Dark Eden,pc,1,0.0,0.09,0.0
Counter Agents,pc,2,0.0,0.09,0.0
Rainbow Rage Squad,pc,2,0.91,0.09,0.99
RoboSports VR,pc,2,0.0,0.09,0.0
Sphere Complex,pc,2,9.17,0.09,9.99
Abduction Bit,pc,2,0.91,0.09,0.99
Brick Rigs,pc,2,13.75,0.09,14.99
CAGE,pc,2,0.0,0.09,0.0
VR Dungeon,pc,2,4.58,0.09,4.99
Drift King: Survival,pc,2,11.0,0.09,11.99
iFactor,pc,2,0.0,0.09,0.0
ARK BOX Unlimited,pc,2,4.58,0.09,4.99
Ultramegon,pc,2,0.0,0.09,0.0
InfinitasDM,pc,2,9.17,0.09,9.99
The table at war VR,pc,2,18.34,0.09,19.99
Masked Forces,pc,2,0.91,0.09,0.99
Burgers 2,pc,2,0.0,0.09,0.0
Neon Arena,pc,2,9.17,0.09,9.99
Warbands: Bushido,pc,2,6.41,0.09,6.99
Sunset Rangers,pc,2,13.75,0.09,14.99
PLANNES,pc,2,12.38,0.09,13.49
Bamboo EP,pc,2,0.0,0.09,0.0
Shot Shot Tactic,pc,2,3.66,0.09,3.99
Ra2,pc,2,0.0,0.09,0.0
Paintball 707,pc,2,4.58,0.09,4.99
Technoball,pc,2,0.0,0.09,0.0
